-- phpMyAdmin SQL Dump
-- version 5.2.3
-- https://www.phpmyadmin.net/
--
-- Anamakine: 127.0.0.1:3306
-- Üretim Zamanı: 26 Haz 2026, 10:01:40
-- Sunucu sürümü: 8.4.7
-- PHP Sürümü: 8.3.28

SET SQL_MODE = "NO_AUTO_VALUE_ON_ZERO";
START TRANSACTION;
SET time_zone = "+00:00";


/*!40101 SET @OLD_CHARACTER_SET_CLIENT=@@CHARACTER_SET_CLIENT */;
/*!40101 SET @OLD_CHARACTER_SET_RESULTS=@@CHARACTER_SET_RESULTS */;
/*!40101 SET @OLD_COLLATION_CONNECTION=@@COLLATION_CONNECTION */;
/*!40101 SET NAMES utf8mb4 */;

--
-- Veritabanı: `ecommercedb`
--

-- --------------------------------------------------------

--
-- Tablo için tablo yapısı `customers`
--

DROP TABLE IF EXISTS `customers`;
CREATE TABLE IF NOT EXISTS `customers` (
  `customerid` int NOT NULL AUTO_INCREMENT,
  `first_name` varchar(45) COLLATE utf8mb4_unicode_ci NOT NULL,
  `last_name` varchar(45) COLLATE utf8mb4_unicode_ci NOT NULL,
  `email` varchar(45) COLLATE utf8mb4_unicode_ci NOT NULL,
  `phone` varchar(45) COLLATE utf8mb4_unicode_ci NOT NULL,
  `city` varchar(45) COLLATE utf8mb4_unicode_ci NOT NULL,
  `signup_date` date NOT NULL,
  `birth_year` int NOT NULL,
  PRIMARY KEY (`customerid`)
) ENGINE=MyISAM AUTO_INCREMENT=1001 DEFAULT CHARSET=utf8mb4 COLLATE=utf8mb4_unicode_ci;

--
-- Tablo döküm verisi `customers`
--

INSERT INTO `customers` (`customerid`, `first_name`, `last_name`, `email`, `phone`, `city`, `signup_date`, `birth_year`) VALUES
(1, 'Veronica', 'Nixon', 'Veronica.Nixon@example.com', '001-559-825-9082x6637', 'Leehaven', '2002-08-23', 1966),
(2, 'Brady', 'Grant', 'Brady.Grant@example.com', '700-599-1265x1672', 'South Heather', '2004-07-12', 1951),
(3, 'Mary', 'Miller', 'Mary.Miller@example.com', '(474)909-6213x1091', 'West Courtneyfurt', '2003-05-20', 1947),
(4, 'Victoria', 'Olson', 'Victoria.Olson@example.com', '686-458-3674x48934', 'North Erinville', '2010-04-25', 2008),
(5, 'Caitlin', 'Hogan', 'Caitlin.Hogan@example.com', '985-946-7426x91932', 'East Amandaside', '1997-03-03', 1977),
(6, 'Rachel', 'Mitchell', 'Rachel.Mitchell@example.com', '721-970-3400', 'Port Josephtown', '2000-03-28', 1999),
(7, 'John', 'Newton', 'John.Newton@example.com', '001-799-304-7507x53408', 'Piercemouth', '2000-11-24', 1969),
(8, 'Gail', 'Murphy', 'Gail.Murphy@example.com', '(483)279-2614', 'Port Prestonmouth', '2019-10-29', 1977),
(9, 'Patricia', 'Shaw', 'Patricia.Shaw@example.com', '462-616-9304x60462', 'Conwayfurt', '2026-08-25', 1949),
(10, 'Crystal', 'Yang', 'Crystal.Yang@example.com', '484.715.6181', 'Denisestad', '2025-11-03', 1977),
(11, 'Sean', 'Mccormick', 'Sean.Mccormick@example.com', '+1-626-659-3374', 'East Arthurshire', '2015-09-10', 1966),
(12, 'Caitlin', 'Fletcher', 'Caitlin.Fletcher@example.com', '(648)698-3594x68411', 'New David', '2021-08-04', 1957),
(13, 'Kyle', 'Benson', 'Kyle.Benson@example.com', '201.739.3130', 'South Marktown', '2003-02-17', 1987),
(14, 'Brandy', 'Meyers', 'Brandy.Meyers@example.com', '963-745-7653x307', 'Maynardview', '2006-02-11', 1979),
(15, 'James', 'Johnson', 'James.Johnson@example.com', '(808)886-8700', 'Kelleyberg', '2017-06-01', 1998),
(16, 'Mary', 'Koch', 'Mary.Koch@example.com', '909.538.6748', 'Port Michael', '2007-08-18', 1954),
(17, 'Christina', 'Young', 'Christina.Young@example.com', '001-271-581-5854', 'Ellisberg', '2022-06-20', 1989),
(18, 'Alexandra', 'Cordova', 'Alexandra.Cordova@example.com', '354.320.0472x7687', 'Randallmouth', '2007-08-26', 1978),
(19, 'William', 'Atkinson', 'William.Atkinson@example.com', '(529)596-6772', 'East Derrick', '2002-01-08', 1992),
(20, 'Jonathan', 'Warren', 'Jonathan.Warren@example.com', '001-738-560-9097x4139', 'East Josephton', '2024-01-16', 1983),
(21, 'Ronald', 'Smith', 'Ronald.Smith@example.com', '001-433-589-7956', 'Lake Mark', '2011-05-24', 1977),
(22, 'Harold', 'Moore', 'Harold.Moore@example.com', '001-836-615-8512', 'Lake Jasonmouth', '1997-08-21', 1977),
(23, 'Jacob', 'Huynh', 'Jacob.Huynh@example.com', '(758)656-9120x9279', 'North Jacqueline', '2004-05-07', 1988),
(24, 'Thomas', 'Johnson', 'Thomas.Johnson@example.com', '617-771-1290x1667', 'New Nicholasburgh', '2027-02-15', 1974),
(25, 'George', 'Johnson', 'George.Johnson@example.com', '+1-447-668-4096x34731', 'Kimmouth', '2013-11-08', 1987),
(26, 'Alexis', 'Owens', 'Alexis.Owens@example.com', '442.832.2174', 'South Jessica', '2015-08-15', 1970),
(27, 'Grant', 'Garcia', 'Grant.Garcia@example.com', '(723)398-5983x40479', 'Edwardport', '2025-09-23', 1977),
(28, 'Michael', 'Morgan', 'Michael.Morgan@example.com', '(548)630-2298', 'Feliciaville', '2006-12-29', 1979),
(29, 'Steven', 'Osborne', 'Steven.Osborne@example.com', '3113343237', 'East Joshua', '1997-01-26', 1945),
(30, 'Jonathan', 'Simmons', 'Jonathan.Simmons@example.com', '(291)851-1617', 'Prestonburgh', '2023-03-12', 1980),
(31, 'Latoya', 'Sullivan', 'Latoya.Sullivan@example.com', '439-638-7620x0034', 'West Michael', '2019-03-11', 1952),
(32, 'Virginia', 'Schmidt', 'Virginia.Schmidt@example.com', '972.536.4752x8854', 'South Gabriela', '2004-09-20', 1965),
(33, 'Jason', 'Crawford', 'Jason.Crawford@example.com', '271-716-8044', 'West Dennisberg', '2019-12-30', 2002),
(34, 'Sarah', 'Nguyen', 'Sarah.Nguyen@example.com', '636.736.6791x8821', 'Maxwellside', '2002-09-15', 1951),
(35, 'Erica', 'Simpson', 'Erica.Simpson@example.com', '418.308.3944x878', 'North Faith', '2008-09-10', 1970),
(36, 'Stacey', 'Braun', 'Stacey.Braun@example.com', '001-973-522-3426', 'Port Frankville', '1998-10-08', 1964),
(37, 'Terri', 'Curtis', 'Terri.Curtis@example.com', '(374)400-9143x97713', 'New Melissaton', '2016-12-12', 1968),
(38, 'Diane', 'Dickerson', 'Diane.Dickerson@example.com', '403.339.6154', 'North Cody', '1997-04-12', 1968),
(39, 'Jessica', 'Holland', 'Jessica.Holland@example.com', '882.638.2350x726', 'Dennisbury', '2001-08-24', 1996),
(40, 'Karen', 'Johnson', 'Karen.Johnson@example.com', '001-341-207-3021x8023', 'North Hannahside', '2003-11-07', 1975),
(41, 'Lindsey', 'Robinson', 'Lindsey.Robinson@example.com', '5737255258', 'Welchborough', '1998-01-27', 2003),
(42, 'Krystal', 'Williams', 'Krystal.Williams@example.com', '329-560-7366x69532', 'Lake Tonya', '2019-08-21', 2003),
(43, 'Eric', 'Martin', 'Eric.Martin@example.com', '382-738-7482x67564', 'Jefftown', '2004-08-05', 1945),
(44, 'Alan', 'Fowler', 'Alan.Fowler@example.com', '+1-787-633-8005x2669', 'Port Martin', '2019-05-19', 1965),
(45, 'Randall', 'Ortiz', 'Randall.Ortiz@example.com', '001-873-553-8933', 'Lake Codychester', '2000-02-20', 1971),
(46, 'Kathleen', 'Martinez', 'Kathleen.Martinez@example.com', '954.682.2249', 'Lake Maxwellshire', '2001-10-02', 1984),
(47, 'Nicholas', 'Smith', 'Nicholas.Smith@example.com', '+1-581-861-1750', 'Port Patrick', '2015-02-14', 1980),
(48, 'Michael', 'Walters', 'Michael.Walters@example.com', '603.489.3413', 'Trujilloview', '2012-04-10', 1961),
(49, 'Nichole', 'Buchanan', 'Nichole.Buchanan@example.com', '810-782-4002x99542', 'Port Maria', '2020-04-13', 1997),
(50, 'Angela', 'Brown', 'Angela.Brown@example.com', '856.959.5685', 'Scottmouth', '2012-09-23', 1977),
(51, 'Jenny', 'Sharp', 'Jenny.Sharp@example.com', '824-460-2281x14784', 'Lake Michael', '2022-07-31', 1980),
(52, 'Daniel', 'Carlson', 'Daniel.Carlson@example.com', '+1-535-984-7883', 'South Deniseview', '2023-01-07', 1956),
(53, 'Heather', 'Coleman', 'Heather.Coleman@example.com', '218.605.4690x453', 'New Caleb', '2011-10-27', 1972),
(54, 'Samuel', 'Watkins', 'Samuel.Watkins@example.com', '+1-332-772-9539', 'West Andrewmouth', '2019-10-02', 2008),
(55, 'Roger', 'Kennedy', 'Roger.Kennedy@example.com', '503.515.3109x466', 'Piercefurt', '1997-01-07', 2008),
(56, 'Sharon', 'Dorsey', 'Sharon.Dorsey@example.com', '001-563-260-2164', 'Donnamouth', '2024-01-28', 2003),
(57, 'Vanessa', 'Johnson', 'Vanessa.Johnson@example.com', '(632)457-1506', 'Doughertyville', '2023-07-10', 1997),
(58, 'Tiffany', 'Harris', 'Tiffany.Harris@example.com', '+1-208-987-5861x610', 'East Sandra', '2000-10-10', 2003),
(59, 'Katherine', 'Mcdonald', 'Katherine.Mcdonald@example.com', '2668299391', 'New Colleen', '2001-01-10', 1975),
(60, 'Gabrielle', 'Avila', 'Gabrielle.Avila@example.com', '+1-351-429-0019x93765', 'Markburgh', '2023-10-10', 1951),
(61, 'Justin', 'Jefferson', 'Justin.Jefferson@example.com', '001-362-403-9529x245', 'Port Wayne', '2001-08-21', 1960),
(62, 'Frank', 'Rogers', 'Frank.Rogers@example.com', '615.422.9648x75485', 'Gabriellaborough', '2023-04-12', 1974),
(63, 'Micheal', 'Smith', 'Micheal.Smith@example.com', '+1-781-685-8180x5817', 'South Jacqueline', '2000-03-31', 1951),
(64, 'Terrance', 'Todd', 'Terrance.Todd@example.com', '246.987.3647', 'Kelseyview', '2008-01-20', 1949),
(65, 'Mark', 'Woodward', 'Mark.Woodward@example.com', '456-654-6771x562', 'Tiffanyfort', '2013-03-18', 1960),
(66, 'Christopher', 'Maxwell', 'Christopher.Maxwell@example.com', '+1-681-300-1323x85386', 'Port Stacyshire', '2001-09-21', 1972),
(67, 'Connie', 'Hernandez', 'Connie.Hernandez@example.com', '(991)524-8684x878', 'Lake Jennyland', '2005-10-14', 1953),
(68, 'Elizabeth', 'Scott', 'Elizabeth.Scott@example.com', '263-476-3753x274', 'South Chadview', '2016-04-11', 2010),
(69, 'Cindy', 'Lowery', 'Cindy.Lowery@example.com', '+1-630-556-7802x17310', 'Natalieview', '2008-08-28', 2004),
(70, 'Charlene', 'Griffith', 'Charlene.Griffith@example.com', '9524863462', 'South Lauren', '2027-01-06', 1962),
(71, 'Kevin', 'Martinez', 'Kevin.Martinez@example.com', '863.837.1090', 'West Jennifer', '2006-06-23', 1990),
(72, 'Holly', 'Hopkins', 'Holly.Hopkins@example.com', '(496)445-9853', 'Watkinsville', '2017-12-24', 1983),
(73, 'Arthur', 'Moore', 'Arthur.Moore@example.com', '001-358-444-7641', 'Burtonton', '1997-07-13', 2004),
(74, 'Andrea', 'Lawson', 'Andrea.Lawson@example.com', '001-806-345-1386x817', 'West Peter', '1997-09-08', 1986),
(75, 'Martha', 'Galloway', 'Martha.Galloway@example.com', '+1-438-457-9662x16354', 'North David', '2003-03-31', 2002),
(76, 'Brett', 'Armstrong', 'Brett.Armstrong@example.com', '+1-661-339-6513x2079', 'Cruztown', '2005-12-04', 1954),
(77, 'Mary', 'Bell', 'Mary.Bell@example.com', '(336)266-6648', 'Smithview', '2010-01-05', 1947),
(78, 'Karen', 'Burton', 'Karen.Burton@example.com', '438-687-1688x498', 'Sandraport', '2001-01-26', 1994),
(79, 'Alyssa', 'Schaefer', 'Alyssa.Schaefer@example.com', '994.317.9526', 'New Kurt', '2011-12-06', 1951),
(80, 'William', 'Hawkins', 'William.Hawkins@example.com', '(655)228-0224', 'Stevenstad', '2006-09-21', 1974),
(81, 'Christopher', 'Kennedy', 'Christopher.Kennedy@example.com', '677-455-8916x0102', 'East Michelleville', '2019-06-07', 1996),
(82, 'Christopher', 'Blankenship', 'Christopher.Blankenship@example.com', '001-578-959-1162x5714', 'North Juan', '2025-05-19', 2006),
(83, 'Peter', 'Coffey', 'Peter.Coffey@example.com', '(528)510-1926', 'Phillipsmouth', '2010-04-12', 1975),
(84, 'Bryan', 'White', 'Bryan.White@example.com', '(808)403-6086', 'Hillton', '2021-08-19', 1952),
(85, 'Mikayla', 'Kelly', 'Mikayla.Kelly@example.com', '7022569874', 'North Kevinland', '2003-12-02', 1995),
(86, 'Elizabeth', 'Gutierrez', 'Elizabeth.Gutierrez@example.com', '001-296-252-6287x83744', 'Lake Jeannemouth', '2022-01-30', 1968),
(87, 'Nicholas', 'Morris', 'Nicholas.Morris@example.com', '852-603-0910', 'Tiffanyhaven', '2018-10-15', 1957),
(88, 'Emily', 'Rios', 'Emily.Rios@example.com', '(973)924-3023', 'Timothyborough', '2025-01-11', 1967),
(89, 'Karen', 'Riley', 'Karen.Riley@example.com', '270.562.8939x5491', 'West Cynthia', '2014-10-24', 1995),
(90, 'Kelly', 'Williams', 'Kelly.Williams@example.com', '+1-709-918-5927x4246', 'South Peterbury', '2023-03-21', 1968),
(91, 'Michelle', 'Davis', 'Michelle.Davis@example.com', '6099254897', 'North Amberborough', '2004-12-25', 1964),
(92, 'Sherry', 'Perez', 'Sherry.Perez@example.com', '(608)584-8164x02414', 'Leland', '2005-02-28', 1992),
(93, 'Katherine', 'Figueroa', 'Katherine.Figueroa@example.com', '451-607-4123', 'South Susanfort', '2025-12-16', 2008),
(94, 'Jeanette', 'Austin', 'Jeanette.Austin@example.com', '4524251647', 'Hugheston', '2019-05-26', 2000),
(95, 'Trevor', 'Cook', 'Trevor.Cook@example.com', '554.394.7595x70672', 'Joneston', '2015-03-01', 1966),
(96, 'Jessica', 'Bush', 'Jessica.Bush@example.com', '+1-783-231-3066x88494', 'Andersontown', '2018-05-14', 1972),
(97, 'Gina', 'Campos', 'Gina.Campos@example.com', '282-283-7309x99577', 'East Justintown', '2005-10-22', 1993),
(98, 'Bryan', 'Reed', 'Bryan.Reed@example.com', '286.937.4980x4607', 'East Maria', '2008-05-11', 1975),
(99, 'Christian', 'Davis', 'Christian.Davis@example.com', '539-980-5035', 'Lake Jessicabury', '1997-07-09', 1969),
(100, 'Gregory', 'Petersen', 'Gregory.Petersen@example.com', '373.626.5303x82709', 'West Michael', '2002-01-05', 1962),
(101, 'Ryan', 'Clark', 'Ryan.Clark@example.com', '001-487-321-6011x164', 'New Nicholas', '1998-06-11', 2010),
(102, 'Devin', 'Lewis', 'Devin.Lewis@example.com', '001-547-429-1556x490', 'New Morgan', '2001-04-15', 2008),
(103, 'Tiffany', 'Osborne', 'Tiffany.Osborne@example.com', '001-870-744-6709x04606', 'Lake Terry', '2014-11-29', 1989),
(104, 'Daniel', 'Rivera', 'Daniel.Rivera@example.com', '+1-347-232-3760x426', 'Jonberg', '2010-06-30', 1993),
(105, 'Alexander', 'Brown', 'Alexander.Brown@example.com', '589.997.0198x1175', 'Erichaven', '2020-11-17', 1968),
(106, 'Rachel', 'Richardson', 'Rachel.Richardson@example.com', '773-400-4468x49390', 'North Julieville', '2001-01-26', 1997),
(107, 'Christine', 'Hodge', 'Christine.Hodge@example.com', '001-998-807-2993x946', 'Lake Carolynchester', '2014-04-13', 1964),
(108, 'Ashley', 'Ochoa', 'Ashley.Ochoa@example.com', '(365)587-3834', 'North Philip', '2004-01-19', 1968),
(109, 'Cody', 'Villa', 'Cody.Villa@example.com', '+1-521-414-7636x5118', 'Michealside', '2011-12-04', 1971),
(110, 'Jaclyn', 'Taylor', 'Jaclyn.Taylor@example.com', '535-582-6189x4654', 'Gillhaven', '2018-04-28', 1946),
(111, 'Pamela', 'Frazier', 'Pamela.Frazier@example.com', '597.568.2651x539', 'Bradyburgh', '2003-04-27', 2000),
(112, 'John', 'Harrison', 'John.Harrison@example.com', '(833)946-7590', 'Port Amber', '1998-07-14', 1949),
(113, 'Laurie', 'Cooper', 'Laurie.Cooper@example.com', '421.667.0973x20724', 'Lake Ronald', '2019-07-19', 1947),
(114, 'Christina', 'Mitchell', 'Christina.Mitchell@example.com', '965-519-9137x7666', 'Justinburgh', '2024-02-18', 1960),
(115, 'Timothy', 'Gibson', 'Timothy.Gibson@example.com', '(794)827-8132', 'Patrickmouth', '2015-06-02', 1964),
(116, 'Frances', 'Lee', 'Frances.Lee@example.com', '(664)324-3307x2954', 'New Jacobbury', '2020-07-20', 1977),
(117, 'Jessica', 'Hernandez', 'Jessica.Hernandez@example.com', '+1-355-712-6101x37017', 'Sullivanton', '2011-04-09', 2002),
(118, 'Brooke', 'Price', 'Brooke.Price@example.com', '(970)735-7803', 'Turnerton', '2004-10-20', 1979),
(119, 'Christopher', 'Sharp', 'Christopher.Sharp@example.com', '411.420.3793x8141', 'Christopherland', '2014-03-11', 1986),
(120, 'John', 'Webb', 'John.Webb@example.com', '533.856.7859x79618', 'Port Latasha', '2004-03-17', 1962),
(121, 'Joseph', 'Jones', 'Joseph.Jones@example.com', '(811)662-2849x947', 'Lake Larryfurt', '1997-05-22', 2010),
(122, 'Robin', 'Ford', 'Robin.Ford@example.com', '575.831.8150x5037', 'New Christopher', '2022-02-09', 1971),
(123, 'Patrick', 'Nelson', 'Patrick.Nelson@example.com', '704-428-0220x1436', 'Stevenhaven', '2027-02-02', 1975),
(124, 'Nathaniel', 'Avila', 'Nathaniel.Avila@example.com', '+1-658-836-1821x637', 'Jamesside', '2015-02-02', 1995),
(125, 'Amy', 'Chung', 'Amy.Chung@example.com', '(877)910-6405', 'South Kim', '2018-01-02', 1990),
(126, 'Christine', 'Hunter', 'Christine.Hunter@example.com', '971.648.9492x98999', 'Jeffreyside', '2022-01-09', 1984),
(127, 'Jennifer', 'Martin', 'Jennifer.Martin@example.com', '510.533.7904x404', 'North Sharonview', '1999-03-21', 2002),
(128, 'Christina', 'Higgins', 'Christina.Higgins@example.com', '(578)278-7543', 'Pamelaburgh', '1998-08-17', 2004),
(129, 'Justin', 'Spencer', 'Justin.Spencer@example.com', '381.965.7833', 'Melissaton', '2012-01-27', 1971),
(130, 'David', 'Mcintosh', 'David.Mcintosh@example.com', '245-670-0762x87885', 'North Leah', '2003-02-23', 1955),
(131, 'Phillip', 'Miranda', 'Phillip.Miranda@example.com', '6233900661', 'Howardchester', '2009-12-18', 2008),
(132, 'Sarah', 'Nichols', 'Sarah.Nichols@example.com', '445.879.6195x197', 'Hartmanmouth', '2008-12-08', 2001),
(133, 'Douglas', 'Morgan', 'Douglas.Morgan@example.com', '321.831.3958x562', 'Port Craigport', '2020-11-30', 1977),
(134, 'Jacqueline', 'Gallegos', 'Jacqueline.Gallegos@example.com', '001-693-355-6473x6643', 'Nelsontown', '2019-08-11', 1972),
(135, 'Shirley', 'Watson', 'Shirley.Watson@example.com', '906-351-5742x7711', 'Lake Angela', '2000-05-01', 2004),
(136, 'Donald', 'Curtis', 'Donald.Curtis@example.com', '+1-511-856-8895x3585', 'New Javier', '2003-02-14', 1948),
(137, 'Brooke', 'Gordon', 'Brooke.Gordon@example.com', '001-721-397-2055x994', 'Lake Terri', '2012-02-07', 1974),
(138, 'Mary', 'Morales', 'Mary.Morales@example.com', '(820)446-9211x4359', 'East Stephanie', '2017-02-15', 1987),
(139, 'Alexandra', 'Whitney', 'Alexandra.Whitney@example.com', '001-855-603-8143x5346', 'Evansville', '2017-03-24', 1971),
(140, 'James', 'Washington', 'James.Washington@example.com', '001-657-406-0569', 'North Brandon', '1999-10-18', 2002),
(141, 'Shannon', 'Thompson', 'Shannon.Thompson@example.com', '+1-323-908-5762x458', 'Donaldbury', '2020-04-05', 2001),
(142, 'Christopher', 'Hicks', 'Christopher.Hicks@example.com', '560-824-6633', 'New Ginaburgh', '2006-03-31', 1964),
(143, 'Timothy', 'Williams', 'Timothy.Williams@example.com', '409.343.3150x854', 'North Marvintown', '2014-02-16', 2010),
(144, 'Shannon', 'Stout', 'Shannon.Stout@example.com', '+1-201-338-2305', 'North Jameston', '2002-05-21', 1978),
(145, 'Valerie', 'Johnson', 'Valerie.Johnson@example.com', '(846)477-8372', 'Ryanberg', '2011-11-10', 1979),
(146, 'Kathleen', 'Durham', 'Kathleen.Durham@example.com', '730.315.6795', 'Hughesport', '2019-12-13', 2007),
(147, 'Janet', 'Rose', 'Janet.Rose@example.com', '001-618-601-4394x85009', 'Rhodeschester', '2001-07-18', 1958),
(148, 'Michelle', 'Barton', 'Michelle.Barton@example.com', '+1-336-691-7221x2233', 'Glennfurt', '2012-05-30', 2011),
(149, 'Sarah', 'Bennett', 'Sarah.Bennett@example.com', '001-961-608-4052x6999', 'Nicholasstad', '2006-01-09', 1990),
(150, 'Crystal', 'Reyes', 'Crystal.Reyes@example.com', '001-825-233-3053x96442', 'Jesseshire', '2018-06-18', 1958),
(151, 'Bailey', 'Small', 'Bailey.Small@example.com', '(550)545-9955x67047', 'Mooreburgh', '2027-09-22', 2009),
(152, 'William', 'Cannon', 'William.Cannon@example.com', '001-646-320-5356x38409', 'New Jamesmouth', '2019-06-06', 1987),
(153, 'Donald', 'Gilbert', 'Donald.Gilbert@example.com', '266-967-8118', 'Debraview', '2008-06-29', 1951),
(154, 'Laura', 'Hull', 'Laura.Hull@example.com', '+1-523-651-6225x45335', 'Lake Rachel', '2003-01-02', 1952),
(155, 'Douglas', 'Hansen', 'Douglas.Hansen@example.com', '(491)935-6823', 'Rileychester', '2007-08-01', 1982),
(156, 'Christopher', 'Garcia', 'Christopher.Garcia@example.com', '631-722-3023x262', 'New Rebecca', '2025-03-31', 1953),
(157, 'Amy', 'Carter', 'Amy.Carter@example.com', '(566)851-1211', 'East Melissa', '2016-01-16', 1984),
(158, 'Amy', 'Carroll', 'Amy.Carroll@example.com', '6377259478', 'Bruceberg', '2019-05-25', 1978),
(159, 'Anthony', 'Lopez', 'Anthony.Lopez@example.com', '324.741.5832x921', 'New Laurenburgh', '2016-04-06', 1981),
(160, 'Tina', 'Pierce', 'Tina.Pierce@example.com', '8726286447', 'Lake Sarah', '2002-12-28', 1997),
(161, 'Scott', 'Wright', 'Scott.Wright@example.com', '541-243-9526', 'East Bradleybury', '2023-04-08', 1998),
(162, 'Melissa', 'Green', 'Melissa.Green@example.com', '873.447.9236x0648', 'Port Jessicashire', '1999-01-28', 1947),
(163, 'Michael', 'Schwartz', 'Michael.Schwartz@example.com', '(917)388-9951x52465', 'Benjaminburgh', '2003-11-26', 1973),
(164, 'Zoe', 'Brock', 'Zoe.Brock@example.com', '455-504-6162x909', 'Ethanstad', '2016-02-29', 1996),
(165, 'Nathaniel', 'Rice', 'Nathaniel.Rice@example.com', '001-501-872-4450x37095', 'Petersborough', '2003-11-21', 1980),
(166, 'Christian', 'Patrick', 'Christian.Patrick@example.com', '+1-367-739-0200x46335', 'Amymouth', '2003-01-24', 1977),
(167, 'Brianna', 'Stevens', 'Brianna.Stevens@example.com', '(448)435-2552x59595', 'Salazarport', '1998-07-25', 1993),
(168, 'Helen', 'Jones', 'Helen.Jones@example.com', '8609381887', 'Moralesfurt', '2021-01-21', 1998),
(169, 'Stacey', 'Murphy', 'Stacey.Murphy@example.com', '(974)407-0298', 'Lake Glenn', '2019-04-27', 1994),
(170, 'Jason', 'Hill', 'Jason.Hill@example.com', '580.878.0094', 'New Angelamouth', '1997-09-01', 2009),
(171, 'Tracy', 'Hall', 'Tracy.Hall@example.com', '347-933-9068', 'Port Aprilside', '2008-10-14', 1955),
(172, 'Melissa', 'Ramirez', 'Melissa.Ramirez@example.com', '(286)322-5034x7949', 'Martinezview', '2008-10-23', 1955),
(173, 'Richard', 'Smith', 'Richard.Smith@example.com', '374-351-0404', 'Dawnmouth', '2012-10-09', 1965),
(174, 'Michelle', 'Perkins', 'Michelle.Perkins@example.com', '001-472-931-5121', 'South Sierraville', '2019-05-03', 1994),
(175, 'Brianna', 'Smith', 'Brianna.Smith@example.com', '+1-889-283-7138x13356', 'Lake Kristophershire', '1998-11-08', 1975),
(176, 'Pamela', 'Smith', 'Pamela.Smith@example.com', '001-509-482-9016x2286', 'Olivermouth', '2020-11-04', 1984),
(177, 'Virginia', 'Diaz', 'Virginia.Diaz@example.com', '9365976198', 'Fletcherborough', '2025-01-16', 1957),
(178, 'Brenda', 'Jackson', 'Brenda.Jackson@example.com', '+1-385-751-1255x040', 'Weaverhaven', '2010-01-25', 1983),
(179, 'Maria', 'Stephens', 'Maria.Stephens@example.com', '671.293.0355', 'Martinport', '2002-07-07', 1973),
(180, 'Isabel', 'Mora', 'Isabel.Mora@example.com', '282-645-3862x2249', 'New Carrieberg', '2014-11-08', 1959),
(181, 'Colleen', 'Hartman', 'Colleen.Hartman@example.com', '001-511-408-7682x8693', 'Taylorstad', '2022-11-13', 2003),
(182, 'Rodney', 'Myers', 'Rodney.Myers@example.com', '791.631.3268x81509', 'East Noah', '2015-09-26', 2007),
(183, 'Julie', 'Cook', 'Julie.Cook@example.com', '965.643.1840', 'Morenohaven', '2011-07-10', 1949),
(184, 'Erin', 'Gonzalez', 'Erin.Gonzalez@example.com', '(556)222-7676', 'Garciaport', '2025-01-12', 1956),
(185, 'Gregory', 'Wilson', 'Gregory.Wilson@example.com', '513-613-3429x2156', 'Mayerview', '1999-01-07', 1985),
(186, 'Steven', 'Harrell', 'Steven.Harrell@example.com', '001-878-269-4096x9723', 'Lisaville', '1998-10-28', 1983),
(187, 'Tiffany', 'Garcia', 'Tiffany.Garcia@example.com', '285-919-6455', 'Johnsonstad', '2018-08-28', 1983),
(188, 'Kellie', 'Casey', 'Kellie.Casey@example.com', '427.284.1656x988', 'Lake Cassandra', '2005-11-04', 2004),
(189, 'Jimmy', 'Singh', 'Jimmy.Singh@example.com', '284.857.0329x3174', 'North Jeremy', '2021-03-08', 1998),
(190, 'Todd', 'Reid', 'Todd.Reid@example.com', '(945)936-2973x91736', 'West Lori', '2016-06-01', 2007),
(191, 'Kristy', 'Andrews', 'Kristy.Andrews@example.com', '(924)258-6187x0553', 'South Cristina', '2013-01-22', 1947),
(192, 'Dale', 'Patterson', 'Dale.Patterson@example.com', '+1-767-393-1904x41542', 'New Vickieberg', '2005-04-28', 1994),
(193, 'Kimberly', 'Oneal', 'Kimberly.Oneal@example.com', '(528)499-5013', 'Bryantshire', '2004-04-13', 1990),
(194, 'Stacey', 'Chambers', 'Stacey.Chambers@example.com', '380.283.7862', 'East Marcview', '2019-10-29', 1945),
(195, 'Justin', 'Rhodes', 'Justin.Rhodes@example.com', '611-963-2535x3163', 'South Lindsey', '2009-03-12', 2005),
(196, 'Krystal', 'Cooke', 'Krystal.Cooke@example.com', '(437)432-9746', 'Hornemouth', '2003-03-04', 1950),
(197, 'Aaron', 'Pugh', 'Aaron.Pugh@example.com', '546-224-5561', 'West Williamland', '2017-08-03', 2003),
(198, 'Justin', 'Franco', 'Justin.Franco@example.com', '370.633.5744x98733', 'North Heatherfurt', '2023-07-03', 2000),
(199, 'Barbara', 'Phillips', 'Barbara.Phillips@example.com', '(873)591-6469', 'Marialand', '1999-01-10', 1998),
(200, 'Christine', 'Morris', 'Christine.Morris@example.com', '685.960.1614x8899', 'West Ashleyfurt', '2003-09-23', 1990),
(201, 'Jamie', 'Roberts', 'Jamie.Roberts@example.com', '6674028437', 'New Thomas', '2023-12-25', 1985),
(202, 'Joshua', 'Young', 'Joshua.Young@example.com', '001-877-415-5045x50729', 'West David', '1997-03-28', 1961),
(203, 'Christopher', 'Krause', 'Christopher.Krause@example.com', '983-921-6201x046', 'Davidborough', '2015-12-27', 2009),
(204, 'Matthew', 'Mason', 'Matthew.Mason@example.com', '232-734-1180x255', 'Lake Mark', '1999-06-25', 1954),
(205, 'John', 'Browning', 'John.Browning@example.com', '9345308902', 'East Troy', '2025-01-17', 2007),
(206, 'Timothy', 'Adams', 'Timothy.Adams@example.com', '(363)276-9613x5918', 'Justinville', '2019-04-06', 1990),
(207, 'Laura', 'Wright', 'Laura.Wright@example.com', '732-356-6161x821', 'Hessland', '2004-07-11', 1949),
(208, 'Alexis', 'Vargas', 'Alexis.Vargas@example.com', '001-975-699-1388x93170', 'Jadeville', '2006-11-02', 1948),
(209, 'Tonya', 'Mathews', 'Tonya.Mathews@example.com', '+1-851-825-7778', 'Rebekahtown', '2021-01-16', 1950),
(210, 'Cynthia', 'Martinez', 'Cynthia.Martinez@example.com', '558-792-2314', 'Kennethhaven', '2006-12-21', 2008),
(211, 'Ryan', 'Allen', 'Ryan.Allen@example.com', '+1-315-292-6369x61992', 'Savannahton', '2010-12-02', 1958),
(212, 'Devin', 'Jones', 'Devin.Jones@example.com', '(580)617-0600x7645', 'Johnsonstad', '2012-06-15', 1990),
(213, 'Nathan', 'Rivera', 'Nathan.Rivera@example.com', '225-244-1634', 'North Patriciaton', '2002-07-29', 1975),
(214, 'David', 'Calderon', 'David.Calderon@example.com', '8273912941', 'Shieldsberg', '2009-09-03', 2001),
(215, 'Erika', 'Medina', 'Erika.Medina@example.com', '362.599.4410x249', 'New Antonioberg', '2023-07-21', 1959),
(216, 'Daniel', 'Howard', 'Daniel.Howard@example.com', '810.232.9254x3215', 'South Caitlin', '2007-05-13', 1983),
(217, 'Whitney', 'Williams', 'Whitney.Williams@example.com', '805-842-6170', 'Russellmouth', '2001-10-08', 2000),
(218, 'Ashley', 'Giles', 'Ashley.Giles@example.com', '(271)213-8919x7621', 'Lake Rickyside', '2002-09-03', 1948),
(219, 'Michelle', 'Smith', 'Michelle.Smith@example.com', '001-594-936-9835x3569', 'North Christopherstad', '2021-10-25', 1966),
(220, 'Mikayla', 'Newton', 'Mikayla.Newton@example.com', '451-628-3231x73055', 'Paulaside', '2005-08-18', 1972),
(221, 'Alexis', 'Barrera', 'Alexis.Barrera@example.com', '310-445-6139x1490', 'East Vincentshire', '2003-09-05', 2003),
(222, 'Timothy', 'Brady', 'Timothy.Brady@example.com', '+1-650-448-5405', 'Port Joel', '2005-05-22', 1981),
(223, 'Rodney', 'Hernandez', 'Rodney.Hernandez@example.com', '+1-998-662-8491x3528', 'Rebeccafurt', '2013-05-19', 1979),
(224, 'Lauren', 'Chan', 'Lauren.Chan@example.com', '639-874-2683x02384', 'North Jody', '2025-09-04', 2000),
(225, 'Tammy', 'Simpson', 'Tammy.Simpson@example.com', '001-700-475-5758', 'East Julie', '2025-12-02', 1946),
(226, 'Tracey', 'Williamson', 'Tracey.Williamson@example.com', '819.663.0088x477', 'Port Crystalchester', '2011-04-15', 2001),
(227, 'Michael', 'Williams', 'Michael.Williams@example.com', '550.862.7394', 'Higginsside', '2001-10-26', 1972),
(228, 'Robert', 'Rodriguez', 'Robert.Rodriguez@example.com', '001-689-338-5807x2664', 'Muellerhaven', '1999-11-13', 1968),
(229, 'Jacob', 'Welch', 'Jacob.Welch@example.com', '310.753.4604x64397', 'North Cassie', '2020-01-09', 1981),
(230, 'Cynthia', 'Mcclure', 'Cynthia.Mcclure@example.com', '+1-790-858-0437x6638', 'West Jaime', '2021-09-20', 1977),
(231, 'Jose', 'Pruitt', 'Jose.Pruitt@example.com', '6207576704', 'Chadton', '2015-12-10', 1992),
(232, 'Johnny', 'Smith', 'Johnny.Smith@example.com', '+1-618-893-8384x887', 'Carolynshire', '1998-12-19', 1970),
(233, 'Joshua', 'Kirby', 'Joshua.Kirby@example.com', '+1-989-288-7402x450', 'Port Kimberly', '2008-01-14', 1990),
(234, 'Mike', 'Walters', 'Mike.Walters@example.com', '001-516-562-2537', 'West Mark', '2017-01-18', 1947),
(235, 'Stacey', 'Robinson', 'Stacey.Robinson@example.com', '970-485-2162', 'West Morgan', '2016-12-03', 1957),
(236, 'Kimberly', 'Martinez', 'Kimberly.Martinez@example.com', '3862999435', 'Seanbury', '2002-11-20', 1991),
(237, 'Brandon', 'Russell', 'Brandon.Russell@example.com', '682.681.3394', 'Katherinehaven', '2015-10-08', 1996),
(238, 'April', 'Harrison', 'April.Harrison@example.com', '001-557-814-7841', 'Obrienborough', '2013-10-04', 1997),
(239, 'Andrew', 'Williams', 'Andrew.Williams@example.com', '750.799.6056x648', 'Gayberg', '2017-02-11', 1952),
(240, 'Shawn', 'Reynolds', 'Shawn.Reynolds@example.com', '847.986.0124x9903', 'North Taylorhaven', '2009-03-20', 2007),
(241, 'Grant', 'Cook', 'Grant.Cook@example.com', '(428)558-2063x595', 'Port Dawn', '2011-03-22', 2005),
(242, 'Connie', 'Richard', 'Connie.Richard@example.com', '668.465.9020x1256', 'South Ericview', '2009-06-03', 1966),
(243, 'Alan', 'Garrett', 'Alan.Garrett@example.com', '(276)275-0692x65372', 'South Davidside', '2022-09-30', 1955),
(244, 'Lee', 'Frederick', 'Lee.Frederick@example.com', '+1-223-738-1471x81604', 'East Tammy', '2015-08-03', 1965),
(245, 'Melissa', 'Miles', 'Melissa.Miles@example.com', '+1-439-414-9476x13778', 'Kellyberg', '2022-10-25', 1989),
(246, 'Zachary', 'Davis', 'Zachary.Davis@example.com', '965.847.3490', 'East Brandi', '2010-08-18', 1947),
(247, 'Jeanette', 'Johnson', 'Jeanette.Johnson@example.com', '580.446.9325', 'Wesleyberg', '2016-06-10', 2005),
(248, 'Rebekah', 'Murphy', 'Rebekah.Murphy@example.com', '+1-942-546-4024x62829', 'Port Terrance', '2017-04-17', 1989),
(249, 'Natalie', 'Fitzgerald', 'Natalie.Fitzgerald@example.com', '+1-993-562-1549x48884', 'Sparksfort', '2012-01-16', 1992),
(250, 'Kevin', 'Peterson', 'Kevin.Peterson@example.com', '624-649-2335x61877', 'Port Matthew', '2003-02-10', 1948),
(251, 'Amanda', 'Davis', 'Amanda.Davis@example.com', '266-820-1886', 'North Lisa', '2002-04-06', 1950),
(252, 'Dennis', 'Hill', 'Dennis.Hill@example.com', '(291)788-9931', 'New Lisafurt', '2004-07-03', 1991),
(253, 'John', 'Martin', 'John.Martin@example.com', '402.732.8399', 'Lake Deniseville', '2013-03-12', 1989),
(254, 'Andrea', 'Kelley', 'Andrea.Kelley@example.com', '+1-753-927-7296', 'North Ruben', '2016-10-17', 1989),
(255, 'Christopher', 'Velasquez', 'Christopher.Velasquez@example.com', '+1-224-261-1282x5445', 'Port Gabrielafurt', '2019-09-13', 1946),
(256, 'Lisa', 'Arnold', 'Lisa.Arnold@example.com', '(570)651-5768x91516', 'Waynefurt', '2002-10-03', 1947),
(257, 'Joseph', 'Barrera', 'Joseph.Barrera@example.com', '563-926-3518', 'Johnsonport', '2001-05-12', 1950),
(258, 'Robert', 'Castro', 'Robert.Castro@example.com', '5035970848', 'West Lindsaybury', '2012-09-07', 1995),
(259, 'Scott', 'Martin', 'Scott.Martin@example.com', '001-573-548-0357x501', 'Port Meganchester', '2021-03-06', 2007),
(260, 'Jerry', 'Johnson', 'Jerry.Johnson@example.com', '(264)867-0770x80429', 'Perkinsmouth', '2013-09-01', 1975),
(261, 'Jose', 'Cruz', 'Jose.Cruz@example.com', '848.725.7160x780', 'North Emily', '1999-04-27', 2003),
(262, 'Philip', 'Alvarez', 'Philip.Alvarez@example.com', '752.532.0678', 'East Jerry', '2011-01-27', 1996),
(263, 'Ryan', 'Weaver', 'Ryan.Weaver@example.com', '9002345912', 'Port Susanside', '1999-01-09', 1950),
(264, 'Lisa', 'Acevedo', 'Lisa.Acevedo@example.com', '899.457.5866x4231', 'Johnsonfort', '2006-10-01', 2003),
(265, 'Kenneth', 'White', 'Kenneth.White@example.com', '202-767-9171x12961', 'North Amanda', '2011-08-08', 1988),
(266, 'Kent', 'Fletcher', 'Kent.Fletcher@example.com', '(243)558-6300x978', 'Smithborough', '1997-05-20', 1960),
(267, 'Denise', 'White', 'Denise.White@example.com', '+1-779-490-5197x057', 'North Davidborough', '1997-12-20', 1986),
(268, 'Joshua', 'Collins', 'Joshua.Collins@example.com', '5845536234', 'Hunterhaven', '2001-04-24', 1984),
(269, 'Deborah', 'George', 'Deborah.George@example.com', '001-971-654-8446x9662', 'Port Jennifer', '2027-02-24', 1949),
(270, 'Erica', 'Schwartz', 'Erica.Schwartz@example.com', '+1-248-535-0526x9103', 'South Rodney', '2016-10-02', 1972),
(271, 'Kelly', 'Pruitt', 'Kelly.Pruitt@example.com', '213.800.7981x3421', 'West Michelleside', '2010-03-30', 1966),
(272, 'William', 'Palmer', 'William.Palmer@example.com', '263-506-2126x63880', 'South Tanyaland', '2000-01-10', 1949),
(273, 'Shane', 'Smith', 'Shane.Smith@example.com', '(357)265-3993x0693', 'Harveyport', '2009-02-21', 1954),
(274, 'Edward', 'Ellis', 'Edward.Ellis@example.com', '(552)464-9639', 'Bakerburgh', '2023-06-24', 1991),
(275, 'Chelsea', 'Davis', 'Chelsea.Davis@example.com', '001-508-473-0338x08700', 'Reyestown', '2005-09-27', 1964),
(276, 'Teresa', 'Parker', 'Teresa.Parker@example.com', '799.825.1513x437', 'East Patricia', '2009-11-19', 1969),
(277, 'Jason', 'James', 'Jason.James@example.com', '+1-617-866-9534x46062', 'South Kaylee', '2009-11-28', 1950),
(278, 'Tammy', 'Davis', 'Tammy.Davis@example.com', '001-478-744-0805x5771', 'Wheelerbury', '2019-11-30', 2000),
(279, 'Julie', 'Mcdaniel', 'Julie.Mcdaniel@example.com', '001-322-210-1035', 'Port Ryan', '2016-07-20', 1958),
(280, 'Jose', 'Hale', 'Jose.Hale@example.com', '+1-718-245-0201', 'Wallburgh', '2004-10-22', 1947),
(281, 'Jesse', 'Austin', 'Jesse.Austin@example.com', '(887)493-4915x9588', 'New Jonathanton', '1999-08-24', 1957),
(282, 'Cindy', 'Brown', 'Cindy.Brown@example.com', '001-720-919-4679', 'Davisville', '2012-06-30', 2009),
(283, 'Eric', 'Shepard', 'Eric.Shepard@example.com', '509-939-3146', 'Fosterstad', '2010-07-16', 1965),
(284, 'Brandon', 'Patterson', 'Brandon.Patterson@example.com', '7776432933', 'Manningfurt', '2002-02-16', 2001),
(285, 'Stephanie', 'Andrews', 'Stephanie.Andrews@example.com', '(263)589-3123', 'North Ashley', '2020-03-30', 1945),
(286, 'Steven', 'Lopez', 'Steven.Lopez@example.com', '6489893115', 'North Kaylachester', '2007-08-31', 1982),
(287, 'Thomas', 'Hall', 'Thomas.Hall@example.com', '(389)519-9906', 'Ellisonland', '2020-08-20', 1958),
(288, 'Tammy', 'Chapman', 'Tammy.Chapman@example.com', '9718914362', 'South Meaganshire', '2017-07-23', 1946),
(289, 'Patricia', 'Gutierrez', 'Patricia.Gutierrez@example.com', '300-869-8054', 'West Elizabethfort', '2003-07-01', 1999),
(290, 'Natalie', 'Brady', 'Natalie.Brady@example.com', '001-880-404-3642x764', 'Petersmouth', '2023-05-15', 1956),
(291, 'Melanie', 'Thomas', 'Melanie.Thomas@example.com', '245-993-5853x0073', 'Port Gary', '2009-10-02', 1956),
(292, 'Stephen', 'Williams', 'Stephen.Williams@example.com', '871.701.6639x039', 'East Heather', '2003-11-12', 2002),
(293, 'Melissa', 'Casey', 'Melissa.Casey@example.com', '(960)296-0409', 'West Sharonstad', '2011-11-24', 1964),
(294, 'Sharon', 'Martinez', 'Sharon.Martinez@example.com', '001-318-520-3229x95336', 'Jennamouth', '2011-08-03', 1985),
(295, 'Raymond', 'Reyes', 'Raymond.Reyes@example.com', '(938)395-7789x91157', 'Jasonton', '2011-02-01', 1961),
(296, 'Steven', 'Morgan', 'Steven.Morgan@example.com', '370-685-1687x53246', 'Cherryhaven', '1999-06-16', 1994),
(297, 'Anna', 'Mccoy', 'Anna.Mccoy@example.com', '+1-999-245-7763x146', 'Martinhaven', '2025-08-24', 1974),
(298, 'Aaron', 'Flynn', 'Aaron.Flynn@example.com', '001-432-324-9045x8675', 'Espinozashire', '2008-02-25', 1967),
(299, 'Dylan', 'Ramirez', 'Dylan.Ramirez@example.com', '7938113789', 'South Williamfurt', '2013-12-20', 1980),
(300, 'Brian', 'Young', 'Brian.Young@example.com', '001-587-508-4056x20250', 'Port Barbarashire', '2014-05-20', 1959),
(301, 'Christopher', 'Sanchez', 'Christopher.Sanchez@example.com', '(801)905-9823', 'Lake Jillburgh', '2020-12-27', 1965),
(302, 'Alexandria', 'Smith', 'Alexandria.Smith@example.com', '661.298.4401', 'Lake Garymouth', '2018-12-13', 1946),
(303, 'Joel', 'Cline', 'Joel.Cline@example.com', '001-622-977-7088', 'Port Jonathanfort', '2016-10-17', 1963),
(304, 'Kurt', 'Reyes', 'Kurt.Reyes@example.com', '001-535-490-6633', 'Ericmouth', '2013-12-27', 1958),
(305, 'Joseph', 'Johnson', 'Joseph.Johnson@example.com', '506.302.4940x83185', 'Cabreraland', '1998-12-02', 1997),
(306, 'Samuel', 'Rodriguez', 'Samuel.Rodriguez@example.com', '+1-631-741-8840', 'South Becky', '2013-11-11', 1979),
(307, 'Brian', 'Mcdonald', 'Brian.Mcdonald@example.com', '+1-403-260-2970x73017', 'Jonton', '2000-01-31', 1959),
(308, 'David', 'Parker', 'David.Parker@example.com', '001-919-224-3481', 'West Jason', '2011-09-02', 1948),
(309, 'Krista', 'Roman', 'Krista.Roman@example.com', '495-213-2389x94802', 'Manueltown', '2006-07-16', 1960),
(310, 'Richard', 'Walker', 'Richard.Walker@example.com', '311-451-6659x147', 'Barkerland', '2024-03-05', 1955),
(311, 'David', 'Jackson', 'David.Jackson@example.com', '241.967.1385', 'Julieshire', '2005-02-08', 1965),
(312, 'Joseph', 'Norris', 'Joseph.Norris@example.com', '246.816.5771', 'Bensonburgh', '2008-02-26', 1982),
(313, 'Bradley', 'Norman', 'Bradley.Norman@example.com', '(588)915-8801x72111', 'Ponceview', '2023-03-19', 1951),
(314, 'Crystal', 'Higgins', 'Crystal.Higgins@example.com', '201-522-8870', 'Lynnfort', '2007-05-23', 1989),
(315, 'Carol', 'Martin', 'Carol.Martin@example.com', '610.423.4542x20052', 'Port Melissaville', '2025-03-29', 1963),
(316, 'Sarah', 'Woodard', 'Sarah.Woodard@example.com', '001-224-231-3672', 'Wuview', '2017-08-14', 2001),
(317, 'Virginia', 'Stanley', 'Virginia.Stanley@example.com', '478.805.1722', 'Port Paul', '2014-09-12', 2011),
(318, 'Jared', 'Hull', 'Jared.Hull@example.com', '875.498.1734x09437', 'Dunnton', '2007-08-01', 2002),
(319, 'Kristie', 'Mathis', 'Kristie.Mathis@example.com', '001-269-351-4184x4205', 'Alexisshire', '2026-09-14', 1954),
(320, 'Tammy', 'Anderson', 'Tammy.Anderson@example.com', '2046642697', 'Schmidtton', '2027-12-17', 1951),
(321, 'Anthony', 'Chapman', 'Anthony.Chapman@example.com', '+1-884-999-2504x00488', 'Port Carrieton', '2004-09-13', 1988),
(322, 'Rachael', 'Mcmillan', 'Rachael.Mcmillan@example.com', '+1-821-362-0540x508', 'Teresamouth', '2008-08-10', 1997),
(323, 'Kathryn', 'Perry', 'Kathryn.Perry@example.com', '3313223385', 'Rachaelland', '2025-06-23', 1966),
(324, 'Carlos', 'Mclaughlin', 'Carlos.Mclaughlin@example.com', '(296)387-0180', 'North Dianaberg', '2018-09-24', 1971),
(325, 'Shelby', 'Rodriguez', 'Shelby.Rodriguez@example.com', '001-789-963-8319x5642', 'Wardtown', '2025-03-18', 2003),
(326, 'Janet', 'Kim', 'Janet.Kim@example.com', '4312464055', 'South Kathleen', '2014-05-27', 1947),
(327, 'John', 'Burns', 'John.Burns@example.com', '001-201-217-6504x2722', 'Barnesshire', '2025-01-12', 1981),
(328, 'Cindy', 'Lawrence', 'Cindy.Lawrence@example.com', '(360)829-8791x2762', 'Trujilloland', '2000-03-30', 1958),
(329, 'Nicole', 'Lane', 'Nicole.Lane@example.com', '+1-983-459-7580', 'Port Alexis', '1998-07-20', 2000),
(330, 'Patrick', 'Taylor', 'Patrick.Taylor@example.com', '+1-969-756-6938x691', 'Allenberg', '2008-07-23', 1978),
(331, 'Eric', 'Ford', 'Eric.Ford@example.com', '+1-429-314-8390', 'Angelastad', '2000-05-23', 1990),
(332, 'Diana', 'Tucker', 'Diana.Tucker@example.com', '523-935-1955', 'West Daniel', '2004-11-06', 1984),
(333, 'Jordan', 'Jenkins', 'Jordan.Jenkins@example.com', '246-812-6335x802', 'South Billy', '2014-10-03', 1953),
(334, 'Jeffrey', 'Jackson', 'Jeffrey.Jackson@example.com', '257.646.4126x032', 'Port David', '2025-11-15', 1981),
(335, 'Brianna', 'Cordova', 'Brianna.Cordova@example.com', '478-712-5592', 'Port Courtneyland', '2012-05-21', 1950),
(336, 'Katelyn', 'Bonilla', 'Katelyn.Bonilla@example.com', '5269851030', 'New Marioton', '2011-08-01', 1956),
(337, 'Linda', 'Lee', 'Linda.Lee@example.com', '001-716-861-8221x6608', 'Marcusfurt', '1999-03-09', 1964),
(338, 'Matthew', 'Solis', 'Matthew.Solis@example.com', '953-943-7534x950', 'Lake Matthew', '2013-04-08', 1989),
(339, 'Dawn', 'Gay', 'Dawn.Gay@example.com', '(967)686-9889x1331', 'Cannonbury', '2020-09-19', 2002),
(340, 'Melinda', 'Oneill', 'Melinda.Oneill@example.com', '+1-382-389-5706x5740', 'Lake Christineport', '2003-12-29', 1949),
(341, 'Jason', 'Gillespie', 'Jason.Gillespie@example.com', '485-953-0018', 'East Karentown', '2006-04-10', 1971),
(342, 'Adam', 'Montoya', 'Adam.Montoya@example.com', '847.717.2148x6374', 'West Melindaberg', '2013-05-28', 1962),
(343, 'Madison', 'Watson', 'Madison.Watson@example.com', '472-809-9881x29833', 'Lake Patricia', '2015-01-15', 1979),
(344, 'Harold', 'Garcia', 'Harold.Garcia@example.com', '318-217-4713', 'West Anthonymouth', '2010-10-09', 1950),
(345, 'Thomas', 'Bailey', 'Thomas.Bailey@example.com', '(423)571-8169x18323', 'East Heather', '1999-12-13', 1946),
(346, 'Jason', 'Camacho', 'Jason.Camacho@example.com', '+1-896-602-5547', 'North Courtney', '2026-07-06', 1945),
(347, 'Rebecca', 'Hurley', 'Rebecca.Hurley@example.com', '533.948.0621', 'West Tonyachester', '2018-11-27', 1978),
(348, 'Katherine', 'Gutierrez', 'Katherine.Gutierrez@example.com', '+1-727-553-9596x34773', 'Matthewstad', '1999-06-14', 1979),
(349, 'Emma', 'Miller', 'Emma.Miller@example.com', '731.350.8341', 'Port Zachary', '2025-11-11', 1978),
(350, 'Virginia', 'Hogan', 'Virginia.Hogan@example.com', '208.753.4306x571', 'Tranton', '2005-03-25', 1983),
(351, 'Eugene', 'Scott', 'Eugene.Scott@example.com', '001-355-350-3709x5356', 'Sandersside', '2010-06-09', 1953),
(352, 'Ronnie', 'Shannon', 'Ronnie.Shannon@example.com', '+1-685-705-1658x6188', 'Lake Joshua', '2019-03-19', 1988),
(353, 'Daniel', 'Rogers', 'Daniel.Rogers@example.com', '607-245-4350', 'Beckfurt', '2003-02-22', 1997),
(354, 'Annette', 'Morgan', 'Annette.Morgan@example.com', '301.551.7759x66577', 'New Jamieshire', '2002-06-07', 1973),
(355, 'Samantha', 'Caldwell', 'Samantha.Caldwell@example.com', '+1-776-986-2879x10861', 'Coxmouth', '2005-07-01', 2006),
(356, 'Joseph', 'Miller', 'Joseph.Miller@example.com', '+1-279-335-0936x5347', 'Lake Gina', '2010-03-07', 1999),
(357, 'Christopher', 'Lawrence', 'Christopher.Lawrence@example.com', '+1-551-959-8749', 'New Stephanie', '2000-03-24', 1970),
(358, 'Beverly', 'Bryant', 'Beverly.Bryant@example.com', '(903)362-2175x5261', 'Bruceton', '1997-03-31', 1974),
(359, 'Brian', 'Adams', 'Brian.Adams@example.com', '(628)960-6435', 'West Philipville', '2012-06-07', 1949),
(360, 'Kristen', 'Ross', 'Kristen.Ross@example.com', '+1-401-620-1293x776', 'Port Jonathanstad', '1998-10-03', 2008),
(361, 'Angela', 'Burns', 'Angela.Burns@example.com', '+1-257-883-2700x7188', 'Carolynport', '2011-12-22', 1972),
(362, 'Juan', 'Perez', 'Juan.Perez@example.com', '509.966.8628x0417', 'Lake Ashleystad', '2020-10-29', 1973),
(363, 'Brittany', 'Brown', 'Brittany.Brown@example.com', '7452014554', 'Jaredton', '2001-12-08', 2010),
(364, 'Lisa', 'Liu', 'Lisa.Liu@example.com', '300.707.8310x1170', 'Port Tammy', '2019-02-17', 1972),
(365, 'Beverly', 'Dixon', 'Beverly.Dixon@example.com', '808-922-1098x15775', 'Brandontown', '2012-12-05', 1992),
(366, 'Sheila', 'Holland', 'Sheila.Holland@example.com', '319-844-1447x517', 'Stephenmouth', '2025-04-03', 1972),
(367, 'Christopher', 'Holland', 'Christopher.Holland@example.com', '+1-751-409-2505x7216', 'North Jonchester', '2018-05-14', 2002),
(368, 'Cory', 'Johnson', 'Cory.Johnson@example.com', '846.233.6289x3278', 'Lake Thomas', '2008-08-03', 2004),
(369, 'Stacy', 'Williams', 'Stacy.Williams@example.com', '+1-314-726-7690x612', 'Natashaport', '2009-10-25', 1976),
(370, 'Thomas', 'Davis', 'Thomas.Davis@example.com', '491-425-0371', 'Ferrellfort', '2026-04-05', 1983),
(371, 'Jason', 'Villarreal', 'Jason.Villarreal@example.com', '400-877-7656x0050', 'Matthewsberg', '2016-03-08', 1946),
(372, 'Kimberly', 'Rice', 'Kimberly.Rice@example.com', '352-714-9534x9339', 'Dennisfort', '2011-04-25', 1978),
(373, 'Jane', 'Johnson', 'Jane.Johnson@example.com', '3759782260', 'Kellystad', '2017-12-01', 2000),
(374, 'Rebecca', 'Lawrence', 'Rebecca.Lawrence@example.com', '5852983294', 'Courtneyhaven', '2006-02-01', 2003),
(375, 'Doris', 'Allen', 'Doris.Allen@example.com', '+1-301-319-2560x669', 'South Lori', '2021-01-31', 1982),
(376, 'Melissa', 'Hudson', 'Melissa.Hudson@example.com', '+1-546-407-1662x31326', 'Lake Charlesmouth', '2022-02-01', 2002),
(377, 'Linda', 'Miller', 'Linda.Miller@example.com', '+1-945-548-6154x105', 'West Miaborough', '1999-02-20', 1961),
(378, 'Lisa', 'Hayes', 'Lisa.Hayes@example.com', '001-252-751-9177', 'Lake Markport', '2026-08-02', 1969),
(379, 'Daniel', 'Davis', 'Daniel.Davis@example.com', '(934)388-6604x8673', 'East Donnaside', '1997-07-05', 1967),
(380, 'Dana', 'Stewart', 'Dana.Stewart@example.com', '360-851-2208x245', 'Onealview', '2025-08-16', 1997),
(381, 'Nancy', 'Ramirez', 'Nancy.Ramirez@example.com', '+1-519-735-1075x94302', 'East Corey', '2019-02-15', 1992),
(382, 'Andrew', 'Huang', 'Andrew.Huang@example.com', '413-421-8047', 'Fosterbury', '2000-07-11', 1971),
(383, 'Michael', 'Perry', 'Michael.Perry@example.com', '568.985.6291x5068', 'East Georgechester', '2003-07-29', 1998),
(384, 'Jacqueline', 'Malone', 'Jacqueline.Malone@example.com', '+1-857-460-9607x963', 'Elizabethhaven', '2000-04-06', 1950),
(385, 'Allison', 'Dickson', 'Allison.Dickson@example.com', '810.674.7327x68582', 'Scottstad', '1997-10-28', 2008),
(386, 'Michael', 'Liu', 'Michael.Liu@example.com', '748-353-8567', 'Jonathanbury', '2000-09-04', 1991),
(387, 'Christina', 'Turner', 'Christina.Turner@example.com', '325.563.1436x9918', 'New James', '2024-06-01', 1951),
(388, 'Anna', 'Beltran', 'Anna.Beltran@example.com', '843.458.0597x732', 'New Kellybury', '1998-06-19', 1955),
(389, 'Cody', 'Hughes', 'Cody.Hughes@example.com', '(532)979-4077', 'Lake Andrew', '2009-04-24', 1979),
(390, 'Anna', 'Stokes', 'Anna.Stokes@example.com', '(618)549-6533', 'Kathleenfort', '2026-12-31', 1994),
(391, 'Jacob', 'Madden', 'Jacob.Madden@example.com', '(703)769-4305', 'Port Carrietown', '1999-01-04', 1970),
(392, 'Brian', 'Wallace', 'Brian.Wallace@example.com', '+1-530-405-2176x67696', 'Lake Steven', '2008-05-13', 1978),
(393, 'Pamela', 'Gutierrez', 'Pamela.Gutierrez@example.com', '(212)550-3260x6353', 'Savannahstad', '2010-04-04', 1989),
(394, 'Jeanne', 'Hill', 'Jeanne.Hill@example.com', '927.541.6165x261', 'Barbaramouth', '1998-10-04', 1984),
(395, 'Shannon', 'Rivers', 'Shannon.Rivers@example.com', '5914521991', 'Martinezview', '2022-09-02', 2004),
(396, 'Kim', 'Payne', 'Kim.Payne@example.com', '(601)885-8871x6093', 'East Michaelside', '2021-12-30', 1980),
(397, 'Michael', 'Johnson', 'Michael.Johnson@example.com', '286.708.3981', 'Port Christopher', '1998-12-04', 1950),
(398, 'Kevin', 'Cline', 'Kevin.Cline@example.com', '(583)668-4744x4630', 'South Juliemouth', '1999-09-10', 1964),
(399, 'Cindy', 'Thornton', 'Cindy.Thornton@example.com', '(534)599-4474', 'New Jeremiah', '2015-11-08', 1953),
(400, 'Annette', 'Valencia', 'Annette.Valencia@example.com', '001-391-661-1972x452', 'South Jennifer', '2020-01-08', 1983),
(401, 'Shawn', 'Allen', 'Shawn.Allen@example.com', '7804963892', 'Lake Kimberly', '2025-05-16', 1964),
(402, 'Donna', 'Escobar', 'Donna.Escobar@example.com', '001-887-504-5106x1921', 'Melissaside', '2003-07-07', 1973),
(403, 'Shawn', 'Smith', 'Shawn.Smith@example.com', '+1-777-911-1160x320', 'Arthurmouth', '2023-11-05', 2006),
(404, 'Kayla', 'Morris', 'Kayla.Morris@example.com', '001-676-420-9318x5712', 'Lake Jodishire', '2004-07-10', 1994),
(405, 'Ashley', 'Levy', 'Ashley.Levy@example.com', '603-888-8033', 'East Kevinland', '2026-07-29', 2005),
(406, 'Joseph', 'Cross', 'Joseph.Cross@example.com', '001-765-459-2663x099', 'Lake Patriciaton', '1997-08-04', 1979),
(407, 'Johnathan', 'Green', 'Johnathan.Green@example.com', '4584375301', 'Williamtown', '2002-10-11', 1979),
(408, 'Lisa', 'Sandoval', 'Lisa.Sandoval@example.com', '001-734-604-9422x155', 'Lewisberg', '2012-10-09', 2009),
(409, 'Alyssa', 'Gregory', 'Alyssa.Gregory@example.com', '232.534.3776x92847', 'Port Amy', '2004-04-09', 1956),
(410, 'Tammy', 'Smith', 'Tammy.Smith@example.com', '538.663.0457', 'Donton', '2016-01-21', 1977),
(411, 'Jacob', 'Lopez', 'Jacob.Lopez@example.com', '(842)988-2313', 'Cassandraton', '2016-01-19', 1967),
(412, 'Lindsay', 'Robbins', 'Lindsay.Robbins@example.com', '950.736.8428x7249', 'Rebeccaburgh', '2017-10-19', 1947),
(413, 'Robert', 'Kelly', 'Robert.Kelly@example.com', '881-892-1758x88011', 'Tyronehaven', '1999-12-15', 2003),
(414, 'Robert', 'Bullock', 'Robert.Bullock@example.com', '(728)732-5908x07638', 'North Joseph', '2020-03-11', 1952),
(415, 'Timothy', 'Campbell', 'Timothy.Campbell@example.com', '+1-471-986-7897', 'Singhville', '2006-01-15', 1970),
(416, 'Richard', 'Hart', 'Richard.Hart@example.com', '396-606-9186x33687', 'Port Jason', '2024-08-23', 2004),
(417, 'Jessica', 'Bass', 'Jessica.Bass@example.com', '621-785-7494x6365', 'Adamsborough', '2005-07-15', 1978),
(418, 'Erica', 'Perez', 'Erica.Perez@example.com', '3594131130', 'West Sandra', '2027-11-22', 1956),
(419, 'Rachel', 'Wilson', 'Rachel.Wilson@example.com', '+1-985-533-3389x992', 'Millerhaven', '2003-12-06', 1954),
(420, 'Mia', 'Wilcox', 'Mia.Wilcox@example.com', '272-981-8572x1361', 'West Kevinshire', '2005-09-27', 1965),
(421, 'Jessica', 'Blair', 'Jessica.Blair@example.com', '+1-418-716-0087', 'North Melissaville', '2027-12-28', 1958),
(422, 'Samantha', 'Harris', 'Samantha.Harris@example.com', '(866)463-6889', 'East Brianside', '2003-09-30', 1974),
(423, 'Stephen', 'Suarez', 'Stephen.Suarez@example.com', '+1-443-269-9271x01312', 'West Michealfort', '2011-05-19', 1958),
(424, 'Linda', 'Schmitt', 'Linda.Schmitt@example.com', '466.659.9353', 'Garciatown', '2026-10-02', 2003),
(425, 'Rebecca', 'Bradford', 'Rebecca.Bradford@example.com', '(406)352-7263x97240', 'North Adriana', '1998-11-18', 1984),
(426, 'Shelia', 'Ross', 'Shelia.Ross@example.com', '(338)887-0051x07638', 'Heatherport', '2014-12-28', 2010),
(427, 'Julia', 'Graham', 'Julia.Graham@example.com', '771-324-7749x5486', 'Clarkshire', '2006-10-17', 1998),
(428, 'Kimberly', 'Casey', 'Kimberly.Casey@example.com', '+1-971-673-4665x4821', 'New Gregory', '2003-03-05', 1997),
(429, 'Alexis', 'Compton', 'Alexis.Compton@example.com', '454.984.3883x09588', 'Derekfort', '2027-02-07', 1986),
(430, 'Lynn', 'Allison', 'Lynn.Allison@example.com', '679-716-3744', 'Dickersonborough', '2027-08-08', 1976),
(431, 'Brenda', 'Rodriguez', 'Brenda.Rodriguez@example.com', '+1-694-996-8067x8343', 'East Brooke', '2009-06-08', 1984),
(432, 'Douglas', 'Brewer', 'Douglas.Brewer@example.com', '928.751.9551x66990', 'New Jeffreyside', '2015-10-20', 2006),
(433, 'Sherri', 'Williams', 'Sherri.Williams@example.com', '(914)673-2194', 'Lindaborough', '2025-03-12', 1979),
(434, 'Heather', 'Macias', 'Heather.Macias@example.com', '001-449-700-5230', 'Grantmouth', '2000-09-05', 2009),
(435, 'Joshua', 'Merritt', 'Joshua.Merritt@example.com', '349.792.0938x929', 'Charlestown', '2001-11-17', 1946),
(436, 'Robert', 'Henderson', 'Robert.Henderson@example.com', '+1-272-601-4616x5453', 'East Billy', '1998-01-17', 1992),
(437, 'Sonya', 'Cross', 'Sonya.Cross@example.com', '001-964-628-0207x999', 'Philiphaven', '2005-03-02', 1978),
(438, 'James', 'Morton', 'James.Morton@example.com', '606.424.7403x8808', 'Keithborough', '2001-11-19', 1949),
(439, 'Riley', 'Tanner', 'Riley.Tanner@example.com', '541-996-5759x6842', 'Oconnorhaven', '2008-05-12', 1965),
(440, 'Thomas', 'Collins', 'Thomas.Collins@example.com', '(782)493-6335', 'Victoriaside', '2001-06-20', 1998),
(441, 'James', 'Ramirez', 'James.Ramirez@example.com', '525-436-5972x4357', 'Rosestad', '2021-07-02', 1961),
(442, 'Jennifer', 'Johnson', 'Jennifer.Johnson@example.com', '(796)395-2733x975', 'Lake Brenda', '2002-07-10', 1972),
(443, 'Megan', 'Ponce', 'Megan.Ponce@example.com', '575-486-4484x9854', 'Jamesport', '2027-10-04', 1953),
(444, 'Austin', 'Higgins', 'Austin.Higgins@example.com', '001-880-329-8755x1962', 'Anthonytown', '2001-08-27', 1986),
(445, 'Kimberly', 'Rogers', 'Kimberly.Rogers@example.com', '+1-500-513-2641x15692', 'Johnsonchester', '2010-05-18', 2001),
(446, 'Valerie', 'Stone', 'Valerie.Stone@example.com', '001-855-674-2218x32897', 'Ramirezton', '2020-05-16', 2010),
(447, 'Tara', 'Andrade', 'Tara.Andrade@example.com', '246.933.6273', 'North Matthew', '2007-07-16', 1955),
(448, 'Tyler', 'Gonzalez', 'Tyler.Gonzalez@example.com', '001-294-898-8551x75714', 'Torresport', '2017-04-06', 1987),
(449, 'Tanya', 'Campbell', 'Tanya.Campbell@example.com', '735.382.4493', 'West Shannon', '2012-11-02', 1981),
(450, 'Lisa', 'Horne', 'Lisa.Horne@example.com', '+1-803-990-2595', 'Brittanyfort', '2001-06-27', 1963);
INSERT INTO `customers` (`customerid`, `first_name`, `last_name`, `email`, `phone`, `city`, `signup_date`, `birth_year`) VALUES
(451, 'Anthony', 'Perez', 'Anthony.Perez@example.com', '(422)347-4380x3411', 'Calebton', '2001-12-17', 2008),
(452, 'Kenneth', 'Lee', 'Kenneth.Lee@example.com', '971.511.6469', 'Port Kevin', '2016-02-14', 1951),
(453, 'Jesus', 'Smith', 'Jesus.Smith@example.com', '(752)425-9324x92819', 'Brianton', '2004-12-31', 1970),
(454, 'Michelle', 'Gray', 'Michelle.Gray@example.com', '(966)262-8445', 'South Meghanland', '2016-02-05', 1970),
(455, 'Andrew', 'Cantu', 'Andrew.Cantu@example.com', '(815)482-9376x1451', 'New Alicia', '2010-09-15', 1993),
(456, 'Jennifer', 'Griffith', 'Jennifer.Griffith@example.com', '+1-377-498-1683', 'Ericashire', '2012-07-23', 2001),
(457, 'Michelle', 'Carroll', 'Michelle.Carroll@example.com', '001-735-688-9360x9835', 'Medinahaven', '2020-10-17', 1958),
(458, 'Stefanie', 'Johnson', 'Stefanie.Johnson@example.com', '001-203-341-9274x87396', 'Williamchester', '2011-07-25', 1987),
(459, 'Tammy', 'Hogan', 'Tammy.Hogan@example.com', '260-779-6645x89458', 'Chavezstad', '2006-07-21', 1994),
(460, 'Rebecca', 'Ferguson', 'Rebecca.Ferguson@example.com', '778-700-3138x4424', 'Bautistamouth', '2009-11-16', 1967),
(461, 'Elizabeth', 'Watson', 'Elizabeth.Watson@example.com', '(953)290-1257x2810', 'Port Samantha', '2021-03-28', 2004),
(462, 'Brandon', 'Richards', 'Brandon.Richards@example.com', '2013625392', 'East Ashleymouth', '2012-05-08', 1946),
(463, 'Justin', 'Moody', 'Justin.Moody@example.com', '001-580-669-5743x6354', 'Williamhaven', '2025-05-12', 1978),
(464, 'Barbara', 'Rogers', 'Barbara.Rogers@example.com', '(887)711-0259x5915', 'Davisfort', '2014-05-18', 1960),
(465, 'John', 'Weaver', 'John.Weaver@example.com', '4076406305', 'North Cynthia', '2016-09-14', 1954),
(466, 'James', 'Clark', 'James.Clark@example.com', '850-738-7510x0454', 'New William', '1998-05-15', 1971),
(467, 'Zachary', 'Rose', 'Zachary.Rose@example.com', '(201)234-4871', 'Alisonberg', '2027-07-01', 2000),
(468, 'Megan', 'Harris', 'Megan.Harris@example.com', '(684)971-8337x2925', 'West Shelbyshire', '2013-08-30', 1966),
(469, 'Cameron', 'Levine', 'Cameron.Levine@example.com', '001-644-515-4542x07588', 'Matthewmouth', '2013-09-29', 2006),
(470, 'Austin', 'Pugh', 'Austin.Pugh@example.com', '+1-918-834-8885x51911', 'Patriciashire', '1997-06-26', 1962),
(471, 'Ashley', 'Galvan', 'Ashley.Galvan@example.com', '236-867-1259x097', 'New Melissafurt', '1997-08-11', 2011),
(472, 'Emily', 'Marquez', 'Emily.Marquez@example.com', '943.258.5341x537', 'Port Robin', '2008-07-17', 1963),
(473, 'Caitlin', 'Jackson', 'Caitlin.Jackson@example.com', '323.423.0928x712', 'South Dominicbury', '2010-08-25', 1966),
(474, 'Nathan', 'Adams', 'Nathan.Adams@example.com', '6227963671', 'Tiffanyside', '2008-01-16', 1977),
(475, 'Raymond', 'Ford', 'Raymond.Ford@example.com', '9877841949', 'North Christopher', '2018-06-20', 1960),
(476, 'Sean', 'Robinson', 'Sean.Robinson@example.com', '(443)462-3675', 'Jacobstown', '1998-03-31', 1977),
(477, 'Carl', 'Dennis', 'Carl.Dennis@example.com', '461-635-0669x94307', 'Kimberlymouth', '2003-07-29', 2008),
(478, 'William', 'Jones', 'William.Jones@example.com', '(766)733-7764x0729', 'Kimberg', '2021-11-17', 2008),
(479, 'Candace', 'Sanders', 'Candace.Sanders@example.com', '001-457-207-8982x9116', 'East Kathleen', '1998-10-22', 1963),
(480, 'Richard', 'Zavala', 'Richard.Zavala@example.com', '269.717.9299', 'South Sherrihaven', '2022-08-15', 1989),
(481, 'Nancy', 'Guzman', 'Nancy.Guzman@example.com', '+1-617-483-8869x151', 'Derekmouth', '2024-10-21', 1969),
(482, 'Brandon', 'Cooper', 'Brandon.Cooper@example.com', '+1-949-463-7283x01982', 'Port Paigeton', '2024-12-30', 1978),
(483, 'Brittany', 'Lynch', 'Brittany.Lynch@example.com', '774-818-2048x12165', 'East Maryshire', '2026-07-07', 1994),
(484, 'Connor', 'Schroeder', 'Connor.Schroeder@example.com', '268.446.8983x9130', 'Bergerstad', '1997-01-09', 1983),
(485, 'Daniel', 'Vasquez', 'Daniel.Vasquez@example.com', '001-898-765-9093x83861', 'Clarkmouth', '2011-04-22', 1948),
(486, 'Amanda', 'Thomas', 'Amanda.Thomas@example.com', '(507)443-6770x3014', 'South Stuartberg', '2016-04-21', 1948),
(487, 'Jodi', 'Bartlett', 'Jodi.Bartlett@example.com', '001-998-209-3951x138', 'Brookebury', '2009-11-05', 1984),
(488, 'Cody', 'Nguyen', 'Cody.Nguyen@example.com', '001-774-254-9799x8102', 'Aguirreborough', '2009-07-28', 2010),
(489, 'Sonya', 'Tanner', 'Sonya.Tanner@example.com', '001-723-788-9036x320', 'Kellyhaven', '2006-09-20', 2008),
(490, 'Chris', 'Mitchell', 'Chris.Mitchell@example.com', '406-416-6404', 'Port Kevin', '2016-03-31', 1960),
(491, 'Samantha', 'Daugherty', 'Samantha.Daugherty@example.com', '+1-287-996-0268', 'Joshuamouth', '2004-03-11', 2003),
(492, 'Frederick', 'Ramirez', 'Frederick.Ramirez@example.com', '631-734-2772', 'South Jennifer', '2025-05-28', 1995),
(493, 'Tina', 'Shaffer', 'Tina.Shaffer@example.com', '807.457.1233', 'Reginaldstad', '2017-12-28', 2008),
(494, 'James', 'Johnson', 'James.Johnson@example.com', '+1-203-912-7433x28549', 'Bretthaven', '2024-11-27', 2002),
(495, 'Jennifer', 'Dodson', 'Jennifer.Dodson@example.com', '001-588-274-1045x98327', 'Lake Rebecca', '2009-11-19', 1993),
(496, 'Roberta', 'Sloan', 'Roberta.Sloan@example.com', '+1-809-432-8843x5828', 'New Joseph', '2022-08-08', 1981),
(497, 'Brandon', 'Hernandez', 'Brandon.Hernandez@example.com', '(691)716-7140x067', 'Bakerberg', '2012-10-13', 2009),
(498, 'Brent', 'Foster', 'Brent.Foster@example.com', '359-456-3059x6844', 'South Mark', '2016-10-18', 1978),
(499, 'Jordan', 'Burke', 'Jordan.Burke@example.com', '+1-878-483-8209x05228', 'Lake Jacob', '2000-06-17', 1960),
(500, 'Mary', 'White', 'Mary.White@example.com', '+1-453-224-7708x7491', 'Cameronshire', '2022-04-27', 2003),
(501, 'Denise', 'Kane', 'Denise.Kane@example.com', '698-978-4800', 'Anthonychester', '2010-10-16', 1963),
(502, 'Alyssa', 'Schultz', 'Alyssa.Schultz@example.com', '+1-817-797-5670x674', 'New Brian', '2018-10-03', 1958),
(503, 'James', 'Rowe', 'James.Rowe@example.com', '552-559-7847x8697', 'East Charles', '2019-03-28', 2008),
(504, 'Brent', 'Hughes', 'Brent.Hughes@example.com', '725-591-7770', 'Gomezhaven', '2011-11-11', 1966),
(505, 'Ariel', 'Velez', 'Ariel.Velez@example.com', '550.876.9201', 'Bridgetburgh', '2023-12-12', 1971),
(506, 'Kara', 'Adkins', 'Kara.Adkins@example.com', '+1-731-778-0732x18082', 'Elizabethbury', '1999-08-24', 1966),
(507, 'Jennifer', 'Henderson', 'Jennifer.Henderson@example.com', '715.257.0237', 'Hayesfort', '2012-04-27', 1996),
(508, 'Matthew', 'Juarez', 'Matthew.Juarez@example.com', '(376)811-8724', 'Porterport', '2004-06-20', 1966),
(509, 'Patricia', 'Sparks', 'Patricia.Sparks@example.com', '415-212-2751', 'New Maria', '2012-06-18', 1973),
(510, 'Dana', 'Medina', 'Dana.Medina@example.com', '841.848.9725x001', 'Sanchezshire', '2022-12-18', 2000),
(511, 'William', 'Dickerson', 'William.Dickerson@example.com', '001-654-309-2673x23531', 'Harringtonfort', '1997-12-26', 2002),
(512, 'Joshua', 'Washington', 'Joshua.Washington@example.com', '(693)955-5542', 'East Briannaton', '2004-09-14', 1969),
(513, 'Claudia', 'Fernandez', 'Claudia.Fernandez@example.com', '+1-806-789-7579x953', 'Campbellburgh', '2026-10-02', 1976),
(514, 'Lisa', 'Saunders', 'Lisa.Saunders@example.com', '652-900-1266', 'West Barbaratown', '2017-11-28', 1994),
(515, 'Meghan', 'Newman', 'Meghan.Newman@example.com', '001-553-302-4061x377', 'Lake Victoria', '2001-03-05', 1965),
(516, 'Rebecca', 'Grant', 'Rebecca.Grant@example.com', '(777)615-6971', 'New Jessicaside', '2026-08-08', 1961),
(517, 'Angel', 'Wilkins', 'Angel.Wilkins@example.com', '(884)233-1639', 'West David', '2022-03-18', 1987),
(518, 'Jacqueline', 'Brock', 'Jacqueline.Brock@example.com', '521.957.0401x496', 'Port Jameston', '2008-05-06', 1975),
(519, 'Anna', 'Turner', 'Anna.Turner@example.com', '+1-932-960-3939', 'Ericahaven', '2020-12-14', 1998),
(520, 'Sarah', 'French', 'Sarah.French@example.com', '+1-971-776-8990', 'South Tiffany', '2014-07-27', 1951),
(521, 'Mark', 'Guerrero', 'Mark.Guerrero@example.com', '+1-589-668-1316x48157', 'Padillaville', '2010-09-22', 2011),
(522, 'Brian', 'York', 'Brian.York@example.com', '989-878-7272x723', 'Jamesview', '2006-07-19', 2001),
(523, 'Melissa', 'Hill', 'Melissa.Hill@example.com', '(928)985-0550', 'Scottmouth', '2016-02-09', 1951),
(524, 'Tyler', 'Sanders', 'Tyler.Sanders@example.com', '(804)245-1568x952', 'South Sarahview', '2026-08-18', 1996),
(525, 'Kathy', 'Riggs', 'Kathy.Riggs@example.com', '+1-937-544-0485x7711', 'Haleyfort', '2010-02-09', 1976),
(526, 'Melinda', 'Coleman', 'Melinda.Coleman@example.com', '884.792.7023', 'Port Alicia', '1997-02-20', 1954),
(527, 'Brandon', 'Hunt', 'Brandon.Hunt@example.com', '+1-934-997-4090', 'North Kevintown', '2006-09-07', 2003),
(528, 'Robert', 'Wong', 'Robert.Wong@example.com', '3336136648', 'Tammyport', '2001-08-24', 1953),
(529, 'Courtney', 'Blair', 'Courtney.Blair@example.com', '(286)868-7555x8164', 'Lake Elijah', '2025-03-17', 2002),
(530, 'Vanessa', 'Perez', 'Vanessa.Perez@example.com', '996-964-6801', 'Stephaniefurt', '2007-06-05', 1987),
(531, 'Rebecca', 'Stafford', 'Rebecca.Stafford@example.com', '+1-760-229-9693', 'Port Barbara', '2019-12-23', 1959),
(532, 'Sara', 'Chambers', 'Sara.Chambers@example.com', '(760)917-3187', 'West Michael', '2026-11-13', 1979),
(533, 'Kayla', 'Patrick', 'Kayla.Patrick@example.com', '001-812-963-1428x2793', 'Wrightfort', '2017-11-16', 1958),
(534, 'Debbie', 'Conner', 'Debbie.Conner@example.com', '+1-598-470-7851x944', 'North Russell', '2007-05-30', 1997),
(535, 'Christina', 'Evans', 'Christina.Evans@example.com', '+1-456-788-6516x9660', 'Loriton', '2008-04-26', 1998),
(536, 'Joshua', 'Simmons', 'Joshua.Simmons@example.com', '368.831.1036x06456', 'Mcclainstad', '2007-02-25', 1997),
(537, 'Ryan', 'Barr', 'Ryan.Barr@example.com', '493.675.4712x680', 'Harperfort', '1998-10-12', 1995),
(538, 'Christie', 'Thompson', 'Christie.Thompson@example.com', '749-554-9469', 'New William', '2018-09-08', 1978),
(539, 'Holly', 'Ross', 'Holly.Ross@example.com', '720-925-5226x01464', 'Sallyborough', '2017-08-05', 2003),
(540, 'Carol', 'Jones', 'Carol.Jones@example.com', '4817991342', 'West Joseph', '2004-07-15', 1980),
(541, 'Rebecca', 'Alvarez', 'Rebecca.Alvarez@example.com', '652-721-1609', 'Lake Kyle', '2001-09-24', 1951),
(542, 'Walter', 'Stewart', 'Walter.Stewart@example.com', '417.444.5335', 'West Matthewberg', '2010-04-22', 2010),
(543, 'Katelyn', 'Hayes', 'Katelyn.Hayes@example.com', '+1-567-545-1504', 'Michaelmouth', '2027-04-01', 1983),
(544, 'Amy', 'Friedman', 'Amy.Friedman@example.com', '(292)434-1552x826', 'Reynoldsberg', '2007-09-02', 1980),
(545, 'Jonathan', 'Mason', 'Jonathan.Mason@example.com', '4103618240', 'Lauraview', '2017-12-08', 1967),
(546, 'Jeanette', 'Farmer', 'Jeanette.Farmer@example.com', '445-760-5285', 'Ingramborough', '2013-09-09', 1982),
(547, 'Nicole', 'Moore', 'Nicole.Moore@example.com', '(388)662-8272', 'Martinezborough', '1999-03-02', 1983),
(548, 'Alexa', 'Henry', 'Alexa.Henry@example.com', '966-476-1942x534', 'New Traceyborough', '2009-04-15', 1980),
(549, 'Christopher', 'Stevens', 'Christopher.Stevens@example.com', '990.408.3362x938', 'North Christopherburgh', '2010-11-23', 1997),
(550, 'Jose', 'Chambers', 'Jose.Chambers@example.com', '001-859-772-0956x52494', 'Griffithmouth', '2009-03-19', 1952),
(551, 'Robin', 'Hernandez', 'Robin.Hernandez@example.com', '+1-220-239-4437x599', 'Port Christine', '2005-01-09', 1967),
(552, 'Brandon', 'Hayes', 'Brandon.Hayes@example.com', '932-239-6275', 'South Ryan', '2014-12-30', 2000),
(553, 'Emily', 'Anderson', 'Emily.Anderson@example.com', '001-947-318-9171x06774', 'Roseview', '2027-12-01', 1972),
(554, 'Jennifer', 'Harrell', 'Jennifer.Harrell@example.com', '+1-752-221-8484', 'Mitchellberg', '2008-09-13', 1948),
(555, 'William', 'Thompson', 'William.Thompson@example.com', '830.575.5382x789', 'Mcdonaldshire', '2018-10-04', 1957),
(556, 'Alexandra', 'Marshall', 'Alexandra.Marshall@example.com', '610.682.3372x3675', 'Jessicaport', '2024-12-13', 1988),
(557, 'Rachel', 'Mcmahon', 'Rachel.Mcmahon@example.com', '275.201.6795x1662', 'Patriciaview', '1997-01-07', 1956),
(558, 'Christopher', 'Kim', 'Christopher.Kim@example.com', '(662)848-2392x0435', 'Petersonview', '2004-06-01', 1992),
(559, 'Jessica', 'Hughes', 'Jessica.Hughes@example.com', '798-232-5165x8969', 'Josephport', '2013-10-08', 1972),
(560, 'Jeffrey', 'Ponce', 'Jeffrey.Ponce@example.com', '3908793787', 'West Melissa', '2017-10-21', 1993),
(561, 'Stephanie', 'Nichols', 'Stephanie.Nichols@example.com', '957.690.8697x075', 'South Jonathan', '2008-04-13', 1967),
(562, 'Benjamin', 'Lopez', 'Benjamin.Lopez@example.com', '2283385461', 'Jenniferhaven', '2026-11-01', 1964),
(563, 'Sean', 'Lewis', 'Sean.Lewis@example.com', '614.978.4448x5636', 'Matthewstad', '2013-02-23', 1947),
(564, 'Christy', 'Smith', 'Christy.Smith@example.com', '(468)682-0136x28730', 'West Sarashire', '2010-02-25', 1997),
(565, 'Christopher', 'Stanley', 'Christopher.Stanley@example.com', '249-380-8179x2466', 'Pearsonshire', '2027-11-16', 1948),
(566, 'Timothy', 'Anderson', 'Timothy.Anderson@example.com', '(308)354-8944', 'Port Deborahchester', '2016-06-12', 1961),
(567, 'Paul', 'Jefferson', 'Paul.Jefferson@example.com', '2205657883', 'Garnerstad', '2008-01-15', 1962),
(568, 'Heather', 'Sloan', 'Heather.Sloan@example.com', '756-418-6986x3872', 'Port Donnabury', '2022-02-27', 1949),
(569, 'Kristine', 'Young', 'Kristine.Young@example.com', '909-266-4552x639', 'Mirandastad', '2005-03-30', 1971),
(570, 'Janet', 'Williams', 'Janet.Williams@example.com', '(258)233-2912x80230', 'Smithton', '1998-07-24', 1993),
(571, 'Richard', 'Lamb', 'Richard.Lamb@example.com', '(511)706-8291x201', 'East Albert', '2019-05-26', 1969),
(572, 'Brittany', 'Johnson', 'Brittany.Johnson@example.com', '491.401.4350x912', 'Port Christian', '2003-11-23', 1975),
(573, 'Nicole', 'Nash', 'Nicole.Nash@example.com', '752-799-3874', 'Jeremymouth', '2005-10-07', 1976),
(574, 'Tammy', 'Dean', 'Tammy.Dean@example.com', '801-200-2960', 'Cruzstad', '1997-02-12', 1953),
(575, 'Luis', 'Lane', 'Luis.Lane@example.com', '001-985-210-5502', 'Kylehaven', '2021-07-21', 1955),
(576, 'Ryan', 'Edwards', 'Ryan.Edwards@example.com', '+1-997-581-3101x179', 'Donnaberg', '2017-10-29', 1981),
(577, 'Sarah', 'Shaffer', 'Sarah.Shaffer@example.com', '377.695.6274x24073', 'West Haley', '2002-02-10', 2009),
(578, 'Robert', 'Hicks', 'Robert.Hicks@example.com', '(720)698-0735x070', 'North Jorge', '2018-09-18', 1983),
(579, 'Patricia', 'Hester', 'Patricia.Hester@example.com', '+1-376-594-0303x94186', 'Port Leslieborough', '2003-10-14', 1983),
(580, 'Heather', 'Jacobs', 'Heather.Jacobs@example.com', '+1-499-497-4904x199', 'West Josemouth', '2004-09-17', 1972),
(581, 'Carla', 'Wood', 'Carla.Wood@example.com', '584-704-2588x7247', 'Mercadoton', '2008-03-31', 2006),
(582, 'Leah', 'Thornton', 'Leah.Thornton@example.com', '001-665-518-3902x4583', 'Cynthiastad', '1997-10-19', 2005),
(583, 'Michael', 'Myers', 'Michael.Myers@example.com', '611.603.7517x88085', 'Samuelmouth', '2021-09-26', 1981),
(584, 'John', 'Johnson', 'John.Johnson@example.com', '001-472-253-7586x4214', 'East Michaelberg', '2025-11-24', 1945),
(585, 'Kelsey', 'Robertson', 'Kelsey.Robertson@example.com', '406-383-3881x443', 'Janeburgh', '2005-10-07', 1974),
(586, 'Diana', 'Michael', 'Diana.Michael@example.com', '+1-865-948-4019x343', 'Port Rachael', '1997-09-02', 1987),
(587, 'Laura', 'Elliott', 'Laura.Elliott@example.com', '+1-267-722-4436x5920', 'Wilsontown', '2016-12-12', 1974),
(588, 'Christopher', 'Blevins', 'Christopher.Blevins@example.com', '(385)796-2472x299', 'Port James', '2005-11-21', 2008),
(589, 'Edward', 'Gomez', 'Edward.Gomez@example.com', '(930)436-0729', 'North Markside', '2015-10-18', 1982),
(590, 'Leslie', 'Flores', 'Leslie.Flores@example.com', '511-462-2125x4613', 'Port James', '2000-09-22', 1999),
(591, 'John', 'Benson', 'John.Benson@example.com', '(513)654-3382', 'Amberchester', '2005-05-08', 1952),
(592, 'Jeffrey', 'Moss', 'Jeffrey.Moss@example.com', '(443)435-6398x272', 'Valeriemouth', '2007-04-12', 1972),
(593, 'Mario', 'Vazquez', 'Mario.Vazquez@example.com', '+1-995-923-8605x7101', 'Ryanstad', '2023-11-01', 1983),
(594, 'Robert', 'Wright', 'Robert.Wright@example.com', '+1-612-818-7042x6487', 'Erinmouth', '2013-05-05', 1983),
(595, 'Lisa', 'Harding', 'Lisa.Harding@example.com', '471-605-4393x68666', 'Ashleymouth', '2008-03-10', 2007),
(596, 'Pamela', 'Humphrey', 'Pamela.Humphrey@example.com', '001-263-359-2962x454', 'Port Russelltown', '2015-03-31', 1990),
(597, 'Leslie', 'Valencia', 'Leslie.Valencia@example.com', '464.974.1540', 'North Keithburgh', '1999-04-08', 2002),
(598, 'Kimberly', 'Arellano', 'Kimberly.Arellano@example.com', '564.359.9085', 'West Sierra', '2026-11-25', 1988),
(599, 'Andrea', 'Spears', 'Andrea.Spears@example.com', '285-722-3305', 'New Samantha', '2006-07-18', 1980),
(600, 'Kendra', 'Horn', 'Kendra.Horn@example.com', '+1-440-736-0928x1889', 'West Derekton', '2012-05-11', 1946),
(601, 'Carl', 'Wagner', 'Carl.Wagner@example.com', '978-505-1964', 'Lake Sheryl', '2010-10-26', 1996),
(602, 'Elizabeth', 'Hart', 'Elizabeth.Hart@example.com', '+1-523-874-2594x582', 'Lewisview', '2002-02-12', 1991),
(603, 'Steve', 'Hammond', 'Steve.Hammond@example.com', '545-345-1030x914', 'Hernandezstad', '2010-10-22', 1958),
(604, 'Nina', 'Schmidt', 'Nina.Schmidt@example.com', '4799538489', 'Alexandrashire', '1997-12-11', 2005),
(605, 'Alexis', 'Chang', 'Alexis.Chang@example.com', '(880)203-2938', 'Serranoborough', '2019-06-23', 2006),
(606, 'Michael', 'Phillips', 'Michael.Phillips@example.com', '+1-697-969-8545', 'Lake Justinberg', '2007-10-16', 1947),
(607, 'Crystal', 'Alexander', 'Crystal.Alexander@example.com', '+1-509-916-6969x280', 'Anthonyfort', '2017-10-20', 1976),
(608, 'Bruce', 'Schultz', 'Bruce.Schultz@example.com', '548-237-7356', 'Brownview', '2020-10-29', 1987),
(609, 'Anthony', 'Howard', 'Anthony.Howard@example.com', '(359)599-3011x757', 'Samanthaton', '1999-09-29', 1962),
(610, 'Martin', 'Mason', 'Martin.Mason@example.com', '+1-791-761-0226x9428', 'West Katrina', '2023-03-17', 1970),
(611, 'Pamela', 'Vazquez', 'Pamela.Vazquez@example.com', '212-962-3310x223', 'New Robertshire', '2027-02-28', 1966),
(612, 'Charles', 'Williams', 'Charles.Williams@example.com', '(730)367-8655', 'South Mary', '2009-10-15', 2000),
(613, 'Tara', 'Morris', 'Tara.Morris@example.com', '+1-784-310-9245x841', 'Meganport', '2014-04-09', 1992),
(614, 'Matthew', 'Campbell', 'Matthew.Campbell@example.com', '242-536-0917x1494', 'East Kim', '1999-09-15', 1965),
(615, 'Kyle', 'Dunn', 'Kyle.Dunn@example.com', '3547583804', 'Ericberg', '2016-04-13', 1959),
(616, 'Steve', 'Garcia', 'Steve.Garcia@example.com', '6948506751', 'Richardmouth', '2022-09-03', 1973),
(617, 'Thomas', 'Zamora', 'Thomas.Zamora@example.com', '001-418-987-9459x36455', 'Justinland', '2011-03-28', 2008),
(618, 'Beth', 'Curry', 'Beth.Curry@example.com', '5312472022', 'Anthonyshire', '2021-09-17', 2002),
(619, 'Jose', 'Miller', 'Jose.Miller@example.com', '+1-215-513-5668x837', 'Brownbury', '2008-05-01', 1971),
(620, 'Margaret', 'Flores', 'Margaret.Flores@example.com', '7104983718', 'Tarachester', '1998-10-07', 1986),
(621, 'Samantha', 'Molina', 'Samantha.Molina@example.com', '362.273.0236x02030', 'West Garyville', '2024-08-23', 1976),
(622, 'Frank', 'Wilson', 'Frank.Wilson@example.com', '+1-800-631-3756x9074', 'Brownberg', '2003-09-30', 1998),
(623, 'Stephanie', 'Thomas', 'Stephanie.Thomas@example.com', '(529)338-5657', 'East Steven', '2006-08-04', 1999),
(624, 'Caleb', 'Vega', 'Caleb.Vega@example.com', '+1-238-889-6288', 'Lake Dominicfort', '2027-10-06', 1994),
(625, 'Steven', 'Ward', 'Steven.Ward@example.com', '346-466-6671x2372', 'Johnsonstad', '2007-12-06', 1963),
(626, 'Rebecca', 'Case', 'Rebecca.Case@example.com', '5037131448', 'Lunabury', '2012-02-23', 1994),
(627, 'Nicole', 'Fisher', 'Nicole.Fisher@example.com', '619.629.5038x0022', 'West Kevintown', '2018-11-25', 1965),
(628, 'Mark', 'Baird', 'Mark.Baird@example.com', '3887847175', 'Jessicahaven', '2015-10-09', 1966),
(629, 'Stephen', 'Moore', 'Stephen.Moore@example.com', '200-968-4176', 'Robertborough', '1997-02-22', 1969),
(630, 'Katherine', 'Bryant', 'Katherine.Bryant@example.com', '(554)335-6109', 'Mariafurt', '2025-10-05', 1993),
(631, 'Victor', 'Thomas', 'Victor.Thomas@example.com', '549-389-8359', 'West Michellemouth', '2001-04-03', 1966),
(632, 'Amanda', 'Rich', 'Amanda.Rich@example.com', '6657006447', 'Nathanport', '2015-10-19', 1980),
(633, 'Sheila', 'Gonzalez', 'Sheila.Gonzalez@example.com', '208.398.0345x26404', 'Port Christina', '1999-10-28', 1992),
(634, 'Zachary', 'Whitney', 'Zachary.Whitney@example.com', '2723464449', 'Port Eric', '2014-11-17', 1953),
(635, 'Whitney', 'Chapman', 'Whitney.Chapman@example.com', '(352)412-6130', 'North Scott', '2024-04-14', 1996),
(636, 'James', 'Sims', 'James.Sims@example.com', '(580)604-4147', 'New John', '1997-10-19', 1964),
(637, 'Adam', 'Johnson', 'Adam.Johnson@example.com', '(378)973-1794x3840', 'Port Phillipville', '2016-10-16', 1968),
(638, 'Willie', 'Atkinson', 'Willie.Atkinson@example.com', '(733)647-9906x55970', 'Tonyafort', '2006-05-30', 1978),
(639, 'Travis', 'Shaw', 'Travis.Shaw@example.com', '750-945-3654x247', 'Mackenzietown', '2027-12-01', 1989),
(640, 'Tyler', 'Pruitt', 'Tyler.Pruitt@example.com', '(460)630-5525', 'East Graceton', '1998-02-23', 2010),
(641, 'Bridget', 'Bailey', 'Bridget.Bailey@example.com', '(787)778-6717', 'Levinestad', '2012-07-15', 1963),
(642, 'Sherry', 'Mercado', 'Sherry.Mercado@example.com', '277-650-6492x1433', 'Jamesfort', '2008-08-11', 1975),
(643, 'Bonnie', 'Thompson', 'Bonnie.Thompson@example.com', '288-289-3862', 'West Cynthia', '2016-06-23', 1950),
(644, 'Daniel', 'Davis', 'Daniel.Davis@example.com', '333.308.5657x71427', 'Edwardport', '2002-08-27', 1972),
(645, 'Shannon', 'Cole', 'Shannon.Cole@example.com', '414.895.0823x468', 'East Jessicatown', '2020-06-07', 1961),
(646, 'James', 'Johnson', 'James.Johnson@example.com', '508-293-0177', 'West Kendra', '2021-06-11', 1956),
(647, 'Robert', 'Rowland', 'Robert.Rowland@example.com', '(997)415-5200', 'Lake Cathy', '2025-05-13', 1947),
(648, 'Jennifer', 'Bennett', 'Jennifer.Bennett@example.com', '812.690.8614', 'West Victoriafort', '2016-09-23', 1954),
(649, 'Peter', 'Rodriguez', 'Peter.Rodriguez@example.com', '648.837.5361', 'North Christopher', '2011-10-23', 2003),
(650, 'Denise', 'Ellis', 'Denise.Ellis@example.com', '(953)241-8947', 'Richardburgh', '2025-07-05', 1950),
(651, 'Jessica', 'Li', 'Jessica.Li@example.com', '318-841-5487x0129', 'New Jason', '2022-04-04', 1974),
(652, 'Briana', 'Campbell', 'Briana.Campbell@example.com', '001-876-873-0966x497', 'Lake Jasonville', '2001-03-09', 2008),
(653, 'Cassie', 'Stewart', 'Cassie.Stewart@example.com', '447.206.1292', 'Wrightshire', '2011-03-24', 1982),
(654, 'Martin', 'Mendoza', 'Martin.Mendoza@example.com', '691-463-3689', 'Michaelside', '2025-07-20', 1984),
(655, 'Richard', 'King', 'Richard.King@example.com', '+1-541-425-1025x6129', 'Baileyfort', '2023-04-18', 1989),
(656, 'Jason', 'Mccall', 'Jason.Mccall@example.com', '739-268-2973', 'North Karenton', '2025-09-20', 1998),
(657, 'Lisa', 'Henderson', 'Lisa.Henderson@example.com', '2543994916', 'Lindaborough', '2000-10-31', 1968),
(658, 'Travis', 'Chambers', 'Travis.Chambers@example.com', '001-575-399-8807x38634', 'Wallaceton', '2016-10-17', 1970),
(659, 'Robert', 'Lindsey', 'Robert.Lindsey@example.com', '715-346-8879x6817', 'West Adamshire', '2003-03-24', 1999),
(660, 'Alicia', 'Blake', 'Alicia.Blake@example.com', '982-375-5134x309', 'Webertown', '1997-11-09', 2004),
(661, 'Adam', 'Juarez', 'Adam.Juarez@example.com', '974.678.3256', 'Michaelmouth', '2012-03-06', 1985),
(662, 'Emily', 'Clark', 'Emily.Clark@example.com', '212.342.2716x572', 'Mirandahaven', '2027-09-12', 1981),
(663, 'Matthew', 'Stuart', 'Matthew.Stuart@example.com', '285-266-1764x08117', 'Matthewberg', '2007-11-12', 1975),
(664, 'Lisa', 'Fisher', 'Lisa.Fisher@example.com', '001-482-261-4978x6576', 'Haynestown', '2013-01-21', 1952),
(665, 'Danielle', 'White', 'Danielle.White@example.com', '001-767-200-5367x610', 'Michaelmouth', '2000-01-07', 1976),
(666, 'Brianna', 'Ross', 'Brianna.Ross@example.com', '+1-950-685-0247', 'East Michaelland', '2000-10-10', 1981),
(667, 'Kyle', 'Morrison', 'Kyle.Morrison@example.com', '237-420-8644', 'East Haley', '1999-03-23', 1947),
(668, 'Patrick', 'Dorsey', 'Patrick.Dorsey@example.com', '(784)867-2045x035', 'North Shanefort', '2016-10-20', 1988),
(669, 'Paula', 'Thomas', 'Paula.Thomas@example.com', '001-446-772-9696x17600', 'Shellyside', '2026-12-29', 2000),
(670, 'Peter', 'Salas', 'Peter.Salas@example.com', '963.504.4466x72451', 'Thompsonmouth', '2025-02-28', 1965),
(671, 'James', 'Roberson', 'James.Roberson@example.com', '442.499.0225', 'North Jameschester', '2004-07-22', 1971),
(672, 'Christine', 'Harris', 'Christine.Harris@example.com', '892.430.9999', 'Mitchellfort', '2003-05-23', 1966),
(673, 'Laura', 'Sherman', 'Laura.Sherman@example.com', '772.762.4124x2114', 'West Mauriceburgh', '2004-03-08', 1961),
(674, 'Joseph', 'Lopez', 'Joseph.Lopez@example.com', '+1-515-927-9905', 'Frazierton', '1997-11-08', 2008),
(675, 'Jennifer', 'Bryant', 'Jennifer.Bryant@example.com', '001-274-719-3312', 'Allisonmouth', '2026-12-11', 1956),
(676, 'Allen', 'Barnes', 'Allen.Barnes@example.com', '973.708.2656', 'Cookberg', '2025-07-17', 1962),
(677, 'Sandra', 'Harper', 'Sandra.Harper@example.com', '(997)318-7226x376', 'Kristintown', '2001-12-12', 1968),
(678, 'William', 'Maddox', 'William.Maddox@example.com', '597.508.6203x3043', 'South Samanthaville', '2002-08-24', 2002),
(679, 'Colleen', 'Lindsey', 'Colleen.Lindsey@example.com', '983-669-1438x57769', 'Ericamouth', '2007-09-27', 1975),
(680, 'Paula', 'Fernandez', 'Paula.Fernandez@example.com', '(593)309-8832', 'Erichaven', '2022-12-17', 2009),
(681, 'Joseph', 'Long', 'Joseph.Long@example.com', '001-447-692-0237x907', 'Walkerview', '2023-12-23', 2005),
(682, 'Patrick', 'Barry', 'Patrick.Barry@example.com', '+1-659-742-3074x6182', 'Kellymouth', '2005-05-10', 1961),
(683, 'Lawrence', 'Meadows', 'Lawrence.Meadows@example.com', '(944)366-9542x582', 'Williamsfort', '2007-04-16', 1960),
(684, 'Cory', 'Chavez', 'Cory.Chavez@example.com', '882.469.0704x99932', 'Samuelstad', '2024-09-30', 1969),
(685, 'Julia', 'Tran', 'Julia.Tran@example.com', '379.458.9792x1183', 'Port Julie', '2003-03-15', 1977),
(686, 'Nancy', 'Mitchell', 'Nancy.Mitchell@example.com', '(821)736-0980', 'Davisfort', '2013-11-15', 1953),
(687, 'Robert', 'Dalton', 'Robert.Dalton@example.com', '001-767-982-3060', 'Patriciaport', '2006-12-26', 1967),
(688, 'Elizabeth', 'Wood', 'Elizabeth.Wood@example.com', '+1-427-592-5577x046', 'South Shawn', '2008-08-23', 1994),
(689, 'Samantha', 'Davis', 'Samantha.Davis@example.com', '572-605-6102', 'South Timothyburgh', '2021-08-29', 1978),
(690, 'Erica', 'Perez', 'Erica.Perez@example.com', '819-391-8825x84525', 'Ashleychester', '2027-08-27', 1982),
(691, 'Michael', 'Newman', 'Michael.Newman@example.com', '(735)882-5193x241', 'East Jessicafurt', '2026-03-29', 1961),
(692, 'Meredith', 'Clark', 'Meredith.Clark@example.com', '574.462.2483x00055', 'South Benjamin', '2010-02-22', 1966),
(693, 'Allison', 'Vega', 'Allison.Vega@example.com', '217.880.8281x81953', 'Port Derekfurt', '2015-08-26', 2008),
(694, 'Linda', 'Parks', 'Linda.Parks@example.com', '560.449.8832', 'North Abigailview', '1998-09-02', 2004),
(695, 'Joseph', 'Cox', 'Joseph.Cox@example.com', '(917)524-1786x6297', 'Port David', '1997-02-24', 1994),
(696, 'Kevin', 'Tyler', 'Kevin.Tyler@example.com', '001-502-438-1264x56184', 'Port Lauren', '2017-04-25', 1978),
(697, 'Rachel', 'Butler', 'Rachel.Butler@example.com', '470-849-1053', 'Lake Adriennefort', '2011-07-08', 2008),
(698, 'Jacob', 'Brown', 'Jacob.Brown@example.com', '626.892.9860', 'South Kimberlyfort', '2016-04-26', 1961),
(699, 'Natalie', 'Mendez', 'Natalie.Mendez@example.com', '531.991.0338', 'South Douglas', '1999-03-14', 1989),
(700, 'Samantha', 'Bridges', 'Samantha.Bridges@example.com', '331-718-6118', 'Blackburnhaven', '2011-10-09', 1962),
(701, 'Ricardo', 'Willis', 'Ricardo.Willis@example.com', '+1-288-482-5651x0386', 'East Stacychester', '2004-05-17', 1971),
(702, 'Michael', 'Ochoa', 'Michael.Ochoa@example.com', '+1-862-853-9156x3391', 'Samuelberg', '2004-09-05', 1989),
(703, 'Thomas', 'Benjamin', 'Thomas.Benjamin@example.com', '001-800-659-3997x431', 'Williamview', '2006-03-07', 1947),
(704, 'Sean', 'Williams', 'Sean.Williams@example.com', '(313)621-5121x6359', 'East David', '1999-07-22', 1948),
(705, 'Carol', 'Stewart', 'Carol.Stewart@example.com', '576-211-1370x21040', 'Lake Sonya', '1998-05-28', 1989),
(706, 'Eileen', 'Glover', 'Eileen.Glover@example.com', '210-561-9489x600', 'New Martha', '2026-04-18', 1969),
(707, 'Anna', 'Rios', 'Anna.Rios@example.com', '001-443-741-8886x584', 'Cesarstad', '2002-10-31', 1999),
(708, 'Margaret', 'Gardner', 'Margaret.Gardner@example.com', '+1-589-661-1535x6321', 'New Phillip', '1999-09-07', 1945),
(709, 'Richard', 'Hawkins', 'Richard.Hawkins@example.com', '396-829-6093x5128', 'North Justinview', '2015-09-20', 2010),
(710, 'Jeffrey', 'Howard', 'Jeffrey.Howard@example.com', '001-539-646-0438x4562', 'Jerryfurt', '2013-12-20', 1966),
(711, 'Julie', 'Martinez', 'Julie.Martinez@example.com', '915-231-2003', 'New Denise', '2013-09-16', 1979),
(712, 'Robert', 'Montgomery', 'Robert.Montgomery@example.com', '001-257-950-8788x540', 'South Victoriabury', '2017-01-04', 1981),
(713, 'Lori', 'Esparza', 'Lori.Esparza@example.com', '(960)962-2427', 'South Theresa', '2020-06-04', 1947),
(714, 'Jennifer', 'Lopez', 'Jennifer.Lopez@example.com', '001-813-262-6875', 'Juliaberg', '2007-07-14', 2010),
(715, 'Elizabeth', 'Griffin', 'Elizabeth.Griffin@example.com', '425-764-0744x434', 'Wallerland', '2009-04-10', 1991),
(716, 'John', 'Torres', 'John.Torres@example.com', '323-770-3885x039', 'Arellanofort', '2022-04-26', 1982),
(717, 'Jessica', 'Arroyo', 'Jessica.Arroyo@example.com', '601-823-8225', 'South Gabriella', '2008-03-23', 2006),
(718, 'Mark', 'Jones', 'Mark.Jones@example.com', '(866)334-7500', 'Campbellshire', '2027-01-12', 1951),
(719, 'Laura', 'Cox', 'Laura.Cox@example.com', '(852)873-4112', 'North Christineview', '2011-10-10', 1966),
(720, 'Amber', 'Evans', 'Amber.Evans@example.com', '001-560-686-9500x170', 'Meghanchester', '2019-12-30', 1960),
(721, 'Heather', 'Cowan', 'Heather.Cowan@example.com', '+1-833-870-5966x83792', 'New Daniel', '2003-08-29', 1988),
(722, 'Michelle', 'Holloway', 'Michelle.Holloway@example.com', '+1-664-212-1162', 'Lake Conniechester', '2007-11-07', 1978),
(723, 'James', 'Torres', 'James.Torres@example.com', '616-891-3919x0545', 'Thompsonhaven', '2013-11-04', 1981),
(724, 'Madison', 'Mitchell', 'Madison.Mitchell@example.com', '420.353.3307', 'Jessicahaven', '2014-02-11', 2007),
(725, 'Emily', 'Johnson', 'Emily.Johnson@example.com', '962-852-0510x94315', 'Choifurt', '2024-02-27', 2006),
(726, 'Tracy', 'Marquez', 'Tracy.Marquez@example.com', '001-437-747-9783x9915', 'Jacobside', '2013-12-03', 1992),
(727, 'Eric', 'Obrien', 'Eric.Obrien@example.com', '849.672.5926', 'Jeremiahfurt', '1999-12-11', 1973),
(728, 'Karen', 'Jackson', 'Karen.Jackson@example.com', '7084070457', 'Sanchezside', '2013-12-16', 1973),
(729, 'Marisa', 'Perez', 'Marisa.Perez@example.com', '833.216.1720x00934', 'East Margaret', '2009-12-02', 1964),
(730, 'Shelia', 'Morris', 'Shelia.Morris@example.com', '952.785.9566', 'Port Mary', '2005-04-14', 1998),
(731, 'Julian', 'Hester', 'Julian.Hester@example.com', '230.857.0541', 'North Michael', '1999-07-17', 1991),
(732, 'Lauren', 'Cox', 'Lauren.Cox@example.com', '(220)588-9843', 'Lake Shelia', '2009-09-02', 1975),
(733, 'Jason', 'Maddox', 'Jason.Maddox@example.com', '511-738-7604', 'North Cindy', '2016-02-18', 1959),
(734, 'Andrea', 'Chandler', 'Andrea.Chandler@example.com', '938-977-8981', 'South Katie', '2000-04-08', 1971),
(735, 'Michelle', 'Cox', 'Michelle.Cox@example.com', '+1-346-594-2796x762', 'East Kellyfort', '2024-03-01', 1960),
(736, 'Rebecca', 'Cross', 'Rebecca.Cross@example.com', '(293)425-9314x990', 'South Robert', '2003-07-20', 1952),
(737, 'Allison', 'Baldwin', 'Allison.Baldwin@example.com', '368-599-3892', 'Meredithfurt', '2018-09-25', 1985),
(738, 'Lisa', 'Green', 'Lisa.Green@example.com', '3559154122', 'West Scott', '2004-02-17', 1954),
(739, 'Emily', 'Jenkins', 'Emily.Jenkins@example.com', '001-289-793-4694x41159', 'South Angelchester', '2024-10-14', 1952),
(740, 'Amanda', 'Taylor', 'Amanda.Taylor@example.com', '573-594-1911', 'Jefferyfurt', '2022-12-06', 2009),
(741, 'Jennifer', 'Baker', 'Jennifer.Baker@example.com', '4026683203', 'Johnsonburgh', '2025-03-08', 1992),
(742, 'Lisa', 'Kim', 'Lisa.Kim@example.com', '+1-270-964-7992x051', 'South Deborahtown', '1999-11-21', 1987),
(743, 'Shannon', 'Everett', 'Shannon.Everett@example.com', '001-427-543-7149x60912', 'Sandrachester', '2013-08-13', 2001),
(744, 'Nicholas', 'Horn', 'Nicholas.Horn@example.com', '(637)394-2367', 'Singletontown', '2008-02-01', 1952),
(745, 'Anna', 'Dixon', 'Anna.Dixon@example.com', '001-544-457-9473x879', 'Davisburgh', '2016-09-07', 1973),
(746, 'Jennifer', 'Edwards', 'Jennifer.Edwards@example.com', '+1-931-299-3556', 'South Baileyfort', '2019-09-03', 1994),
(747, 'George', 'Hickman', 'George.Hickman@example.com', '725.270.6895', 'Crystalchester', '2006-06-04', 2002),
(748, 'Brett', 'Banks', 'Brett.Banks@example.com', '(497)363-8287x639', 'New Adamville', '2005-05-06', 1978),
(749, 'Katrina', 'Williams', 'Katrina.Williams@example.com', '481-466-0974', 'Port Jeremy', '2010-09-13', 1971),
(750, 'Ashley', 'Clark', 'Ashley.Clark@example.com', '+1-233-265-0810x377', 'New Miranda', '1998-10-12', 1956),
(751, 'Nathan', 'Williamson', 'Nathan.Williamson@example.com', '(357)602-4311x431', 'Osbornbury', '2015-07-28', 2007),
(752, 'Brianna', 'Wong', 'Brianna.Wong@example.com', '238-726-1293', 'East Douglasfurt', '2012-08-01', 2003),
(753, 'Jason', 'Burke', 'Jason.Burke@example.com', '001-558-294-2867', 'Andrewshire', '2026-02-10', 1966),
(754, 'Kimberly', 'Salinas', 'Kimberly.Salinas@example.com', '+1-625-733-7388x000', 'Jonesberg', '2015-12-06', 1994),
(755, 'Brandon', 'Lawson', 'Brandon.Lawson@example.com', '+1-526-230-3753x6929', 'Lake Eric', '2000-12-18', 1966),
(756, 'Peter', 'Young', 'Peter.Young@example.com', '762.935.9505x8949', 'Bakerburgh', '2013-08-02', 1996),
(757, 'Brooke', 'Hebert', 'Brooke.Hebert@example.com', '001-283-938-8703x9444', 'Jacobborough', '2012-04-12', 1948),
(758, 'Richard', 'Walker', 'Richard.Walker@example.com', '358.512.0073x27586', 'Port Mark', '2011-10-28', 2005),
(759, 'Justin', 'Torres', 'Justin.Torres@example.com', '(952)410-8464x29881', 'Jonshire', '2019-12-12', 1989),
(760, 'John', 'Wells', 'John.Wells@example.com', '(276)654-2288x92400', 'New Brenda', '2017-09-05', 1994),
(761, 'Jessica', 'Patel', 'Jessica.Patel@example.com', '759.984.7139x67590', 'East Elizabeth', '2017-05-29', 1950),
(762, 'Diana', 'Burke', 'Diana.Burke@example.com', '5505471807', 'South Steventown', '2026-05-28', 2004),
(763, 'Shawn', 'Mcdonald', 'Shawn.Mcdonald@example.com', '001-647-592-3682x84948', 'North Roberta', '2026-11-17', 1968),
(764, 'Roberto', 'Davis', 'Roberto.Davis@example.com', '745.215.9665x8747', 'Lake Samanthaburgh', '2016-07-03', 1949),
(765, 'Jennifer', 'Wilkins', 'Jennifer.Wilkins@example.com', '+1-636-880-8207x221', 'Marcusstad', '2005-04-06', 1969),
(766, 'Bailey', 'Rivera', 'Bailey.Rivera@example.com', '271.965.9203', 'Lake Cynthiaberg', '2026-03-19', 1988),
(767, 'Hayley', 'Peterson', 'Hayley.Peterson@example.com', '857.349.9866', 'Williamborough', '2003-03-25', 1969),
(768, 'Lisa', 'Macias', 'Lisa.Macias@example.com', '862-662-1238', 'North Thomas', '2006-03-13', 2000),
(769, 'Steven', 'Williams', 'Steven.Williams@example.com', '+1-281-597-1781x568', 'South Gabriella', '2021-05-01', 1945),
(770, 'Sydney', 'Hunter', 'Sydney.Hunter@example.com', '449.628.0240x9195', 'Terriland', '2022-12-07', 1962),
(771, 'William', 'Lane', 'William.Lane@example.com', '951.483.0687x61979', 'West Michael', '2011-06-01', 1979),
(772, 'Rachel', 'Dawson', 'Rachel.Dawson@example.com', '001-820-349-8886x591', 'South Julieberg', '2012-03-22', 1984),
(773, 'Sheila', 'Patton', 'Sheila.Patton@example.com', '+1-688-287-2833x4030', 'West Elizabeth', '1998-10-15', 1947),
(774, 'Terry', 'Thomas', 'Terry.Thomas@example.com', '(252)467-6993x2349', 'Angelaburgh', '2022-09-23', 1954),
(775, 'Jacob', 'Fuller', 'Jacob.Fuller@example.com', '9957122317', 'Brianchester', '2000-04-18', 1996),
(776, 'Tristan', 'Price', 'Tristan.Price@example.com', '(918)999-2724', 'Garciafurt', '2008-01-06', 2001),
(777, 'Gail', 'Warner', 'Gail.Warner@example.com', '001-543-881-8178x3057', 'Jordanstad', '2020-07-25', 1975),
(778, 'William', 'Martinez', 'William.Martinez@example.com', '712.572.8608', 'North Albert', '2010-03-21', 1999),
(779, 'Courtney', 'Wong', 'Courtney.Wong@example.com', '691-598-5124x747', 'West Clayton', '2004-02-10', 1948),
(780, 'Melvin', 'Adams', 'Melvin.Adams@example.com', '+1-323-957-1067', 'Oliviahaven', '2005-09-02', 1961),
(781, 'Megan', 'Miller', 'Megan.Miller@example.com', '(933)252-3687', 'Donnabury', '2001-02-08', 1955),
(782, 'John', 'Wilkins', 'John.Wilkins@example.com', '(613)667-2745', 'Lake Zachary', '2010-08-17', 1993),
(783, 'Daniel', 'Morrison', 'Daniel.Morrison@example.com', '406.248.0326x63354', 'New Nina', '1999-03-14', 1954),
(784, 'Kevin', 'Winters', 'Kevin.Winters@example.com', '001-621-339-8124x42272', 'Patrickburgh', '2025-03-05', 1985),
(785, 'William', 'Martinez', 'William.Martinez@example.com', '+1-676-570-7951x16077', 'Robinview', '1998-12-24', 1974),
(786, 'Brandon', 'Wheeler', 'Brandon.Wheeler@example.com', '944.620.4035x187', 'Jacksonland', '2015-05-02', 1977),
(787, 'Christine', 'Lee', 'Christine.Lee@example.com', '001-371-332-1088', 'Adamfort', '2022-02-04', 1995),
(788, 'Curtis', 'Green', 'Curtis.Green@example.com', '6244080537', 'Port Colton', '2002-05-25', 1977),
(789, 'Breanna', 'Stout', 'Breanna.Stout@example.com', '400-349-6413x5260', 'West Kaylafurt', '2025-11-08', 2005),
(790, 'Heather', 'Elliott', 'Heather.Elliott@example.com', '+1-202-434-7396x32111', 'Ramirezhaven', '2005-09-26', 1975),
(791, 'Debra', 'Castro', 'Debra.Castro@example.com', '+1-379-676-1101x7539', 'North Dan', '2018-04-10', 2008),
(792, 'Megan', 'Williams', 'Megan.Williams@example.com', '(247)690-5140x3804', 'Bradton', '2007-09-17', 1996),
(793, 'Richard', 'Cox', 'Richard.Cox@example.com', '550-223-7210', 'Michaelstad', '2025-08-08', 1966),
(794, 'Brittany', 'Morris', 'Brittany.Morris@example.com', '001-274-614-9912x418', 'West Matthewville', '1997-02-23', 1976),
(795, 'Dean', 'Carpenter', 'Dean.Carpenter@example.com', '(904)326-4134', 'Williamsbury', '2007-12-24', 1971),
(796, 'Jacqueline', 'Robinson', 'Jacqueline.Robinson@example.com', '605.927.3757', 'West Williamview', '1997-05-29', 1976),
(797, 'Destiny', 'Roy', 'Destiny.Roy@example.com', '2357252989', 'Kimberlyville', '2016-03-10', 1990),
(798, 'Christian', 'Murphy', 'Christian.Murphy@example.com', '971-577-9589x7260', 'Davismouth', '1998-04-03', 2005),
(799, 'Sabrina', 'Lewis', 'Sabrina.Lewis@example.com', '(858)249-7750x229', 'New Timothybury', '2016-07-13', 1953),
(800, 'Mark', 'Kelly', 'Mark.Kelly@example.com', '+1-984-891-3972x2909', 'Tylerchester', '2007-11-28', 1993),
(801, 'Patricia', 'Gamble', 'Patricia.Gamble@example.com', '+1-702-522-5321x6004', 'Saundersmouth', '2017-08-16', 1966),
(802, 'Kyle', 'Edwards', 'Kyle.Edwards@example.com', '433.997.5942x14375', 'Port Josephbury', '2001-05-28', 1946),
(803, 'Stephanie', 'Phillips', 'Stephanie.Phillips@example.com', '+1-575-244-6289x712', 'Brookston', '2003-06-23', 2002),
(804, 'Robert', 'Soto', 'Robert.Soto@example.com', '301.514.2048x3729', 'Ivanville', '2004-06-14', 1985),
(805, 'Donald', 'Ray', 'Donald.Ray@example.com', '(289)253-8571x35075', 'Salaschester', '2015-12-14', 2005),
(806, 'Jonathan', 'Smith', 'Jonathan.Smith@example.com', '+1-706-994-8365', 'Ramostown', '2010-12-17', 1999),
(807, 'Michael', 'Hamilton', 'Michael.Hamilton@example.com', '829-798-9406x05231', 'East Steven', '2001-03-22', 1990),
(808, 'Alexander', 'Robinson', 'Alexander.Robinson@example.com', '+1-841-532-0332x0137', 'Longbury', '2013-04-22', 2011),
(809, 'Kelly', 'Moran', 'Kelly.Moran@example.com', '(941)868-2096', 'New Ericton', '2024-08-13', 1993),
(810, 'Jerry', 'Gonzalez', 'Jerry.Gonzalez@example.com', '332-680-5168x004', 'Brooksstad', '2021-02-16', 1961),
(811, 'Scott', 'Allen', 'Scott.Allen@example.com', '001-383-830-0589', 'Estradaville', '2001-03-05', 2009),
(812, 'Roger', 'Pugh', 'Roger.Pugh@example.com', '(678)518-9246x7611', 'Nguyentown', '2012-11-13', 1973),
(813, 'John', 'Knight', 'John.Knight@example.com', '+1-463-265-8589x83588', 'East Sandra', '2012-04-10', 1961),
(814, 'Nathan', 'Berg', 'Nathan.Berg@example.com', '(424)654-2409x56017', 'West Angelaview', '2005-01-23', 1997),
(815, 'Steven', 'Spencer', 'Steven.Spencer@example.com', '746-563-1000', 'New Benjamin', '2003-10-04', 1958),
(816, 'Gregory', 'Hart', 'Gregory.Hart@example.com', '461.686.6045x1107', 'Benjaminville', '2022-10-03', 1999),
(817, 'Amanda', 'Long', 'Amanda.Long@example.com', '291.625.8047', 'Judymouth', '2009-03-02', 1962),
(818, 'Jessica', 'King', 'Jessica.King@example.com', '844-423-5820x19877', 'Port George', '1999-07-18', 1964),
(819, 'Anita', 'Grant', 'Anita.Grant@example.com', '(328)498-6444', 'Laurachester', '2027-08-01', 1970),
(820, 'Ryan', 'Clark', 'Ryan.Clark@example.com', '417.681.9863x62706', 'Martinberg', '1998-10-18', 2004),
(821, 'Justin', 'Stanley', 'Justin.Stanley@example.com', '+1-906-767-0463x405', 'New Diana', '2009-07-17', 1962),
(822, 'Nathaniel', 'Burns', 'Nathaniel.Burns@example.com', '(615)759-8885x26632', 'Stoneview', '2000-04-22', 1988),
(823, 'Steven', 'Frank', 'Steven.Frank@example.com', '4183061163', 'New Christyberg', '2002-01-05', 1966),
(824, 'Patricia', 'Anderson', 'Patricia.Anderson@example.com', '846.901.0192x66211', 'New Joshuamouth', '2010-05-05', 2008),
(825, 'Cheyenne', 'Houston', 'Cheyenne.Houston@example.com', '607-388-6701x16633', 'New Brittanybury', '2003-09-30', 1973),
(826, 'Collin', 'Daniels', 'Collin.Daniels@example.com', '001-493-922-0223x628', 'Brownville', '2003-02-16', 1960),
(827, 'Jerry', 'Nelson', 'Jerry.Nelson@example.com', '+1-573-498-5859', 'Port Michaelfurt', '2022-06-25', 1991),
(828, 'Joyce', 'Castaneda', 'Joyce.Castaneda@example.com', '001-776-375-3505x152', 'Belltown', '2017-07-14', 1976),
(829, 'Angela', 'Kim', 'Angela.Kim@example.com', '589-711-2983x8458', 'Beardberg', '2009-11-13', 1988),
(830, 'Joyce', 'Christensen', 'Joyce.Christensen@example.com', '965.527.7392x918', 'Andradestad', '2004-08-18', 1995),
(831, 'Luis', 'Maynard', 'Luis.Maynard@example.com', '(697)242-0742x5551', 'Bradleyside', '2003-08-22', 1971),
(832, 'David', 'Perez', 'David.Perez@example.com', '5855632194', 'South Dawnview', '2024-11-14', 1985),
(833, 'Valerie', 'Johnson', 'Valerie.Johnson@example.com', '405.707.9287x61752', 'Parkermouth', '2018-10-30', 1948),
(834, 'Adam', 'Miller', 'Adam.Miller@example.com', '001-882-322-9446', 'Joshuabury', '2019-01-27', 1949),
(835, 'Christine', 'Ortiz', 'Christine.Ortiz@example.com', '+1-698-395-1728x93026', 'Aaronshire', '2006-09-08', 1983),
(836, 'Steve', 'Montoya', 'Steve.Montoya@example.com', '691-345-5168x402', 'Jarvismouth', '1999-04-13', 1982),
(837, 'Charles', 'Richard', 'Charles.Richard@example.com', '6639963646', 'Danielbury', '2010-06-10', 1979),
(838, 'Willie', 'Gonzalez', 'Willie.Gonzalez@example.com', '519.725.1385x36019', 'East Richard', '1998-11-20', 1963),
(839, 'Tina', 'Chaney', 'Tina.Chaney@example.com', '(836)782-7350', 'Parsonschester', '2017-01-15', 1960),
(840, 'Anna', 'Smith', 'Anna.Smith@example.com', '783.834.6297x69486', 'South Kelly', '2026-06-05', 1977),
(841, 'Danielle', 'Berry', 'Danielle.Berry@example.com', '397-257-5055', 'Port Cheryl', '2011-10-03', 2002),
(842, 'Brenda', 'Pineda', 'Brenda.Pineda@example.com', '751.409.3075', 'West Garytown', '2011-11-09', 1992),
(843, 'Kyle', 'Thompson', 'Kyle.Thompson@example.com', '620.722.8278', 'South Sarah', '1999-10-29', 1978),
(844, 'Robert', 'Powell', 'Robert.Powell@example.com', '001-509-707-4094x67783', 'West Kimberly', '2027-04-15', 1994),
(845, 'Juan', 'Holmes', 'Juan.Holmes@example.com', '001-433-311-7035x4536', 'Lake Kimberly', '1999-06-15', 1949),
(846, 'Cynthia', 'Bonilla', 'Cynthia.Bonilla@example.com', '512-520-8918x1696', 'Myershaven', '2005-06-11', 1963),
(847, 'David', 'Myers', 'David.Myers@example.com', '249-574-1792', 'North Brianchester', '2011-10-11', 1999),
(848, 'Patricia', 'Hudson', 'Patricia.Hudson@example.com', '275.926.9022x189', 'East Janiceview', '2012-08-23', 1948),
(849, 'Steven', 'Patterson', 'Steven.Patterson@example.com', '6626160062', 'Henryton', '1999-10-25', 1959),
(850, 'John', 'Smith', 'John.Smith@example.com', '001-651-454-3907x78149', 'Wongside', '2020-11-23', 1987),
(851, 'Andrew', 'Anderson', 'Andrew.Anderson@example.com', '001-453-622-3070', 'Davidshire', '2018-06-06', 1985),
(852, 'Kathleen', 'Shaw', 'Kathleen.Shaw@example.com', '001-530-957-6535x27309', 'New Brenda', '2001-02-24', 1947),
(853, 'Andrea', 'Morgan', 'Andrea.Morgan@example.com', '203.517.7493x170', 'Davidville', '2011-03-12', 1998),
(854, 'Tracy', 'Berg', 'Tracy.Berg@example.com', '819-871-7450x600', 'East Meganmouth', '2012-12-14', 1985),
(855, 'Jessica', 'Peck', 'Jessica.Peck@example.com', '498-734-5642x960', 'Nicoleport', '2019-06-03', 2002),
(856, 'Stephen', 'Sanchez', 'Stephen.Sanchez@example.com', '471-360-7803', 'Lopezton', '2011-01-28', 1994),
(857, 'Erin', 'Gonzalez', 'Erin.Gonzalez@example.com', '(943)404-3913', 'Jimmyhaven', '2018-02-09', 1991),
(858, 'William', 'Stewart', 'William.Stewart@example.com', '655.986.9532x6008', 'Port Spencerbury', '2015-08-22', 1954),
(859, 'Alex', 'West', 'Alex.West@example.com', '001-243-218-2886x62430', 'East Katherinechester', '2023-08-25', 1989),
(860, 'Angela', 'Stephenson', 'Angela.Stephenson@example.com', '971-842-5426x189', 'Port Jamesshire', '2000-04-09', 1966),
(861, 'Sarah', 'Singh', 'Sarah.Singh@example.com', '+1-275-627-8034x7047', 'Port Pattytown', '2004-09-12', 1969),
(862, 'Elaine', 'Aguilar', 'Elaine.Aguilar@example.com', '+1-899-280-2476x10506', 'Lake Jeffreyville', '2001-12-11', 1948),
(863, 'Katherine', 'Phillips', 'Katherine.Phillips@example.com', '+1-546-637-9229x02098', 'Bishopborough', '2007-12-14', 1986),
(864, 'Kelly', 'Smith', 'Kelly.Smith@example.com', '001-783-782-3122x992', 'West Johnhaven', '1998-02-11', 1993),
(865, 'Frank', 'Figueroa', 'Frank.Figueroa@example.com', '(367)953-7229', 'Oliverton', '2020-05-02', 1961),
(866, 'Leah', 'Johnson', 'Leah.Johnson@example.com', '587.826.2419x07314', 'Markhaven', '2013-01-25', 1965),
(867, 'Debra', 'Daugherty', 'Debra.Daugherty@example.com', '255-250-8044x013', 'Williamston', '2027-02-24', 1954),
(868, 'Patricia', 'Barrera', 'Patricia.Barrera@example.com', '7473454253', 'Boydberg', '2001-07-15', 1969),
(869, 'Benjamin', 'Lowe', 'Benjamin.Lowe@example.com', '+1-788-667-6594x68488', 'Carpentershire', '2020-02-06', 1972),
(870, 'Melanie', 'Trevino', 'Melanie.Trevino@example.com', '651-536-5108x065', 'Port Alexandraside', '2025-01-31', 1970),
(871, 'Alexander', 'Lee', 'Alexander.Lee@example.com', '001-585-640-9672x43042', 'South Rebeccamouth', '2019-04-29', 1945),
(872, 'Laura', 'Ross', 'Laura.Ross@example.com', '617-549-0954', 'Port Juan', '2008-01-27', 2007),
(873, 'Richard', 'Castro', 'Richard.Castro@example.com', '001-346-655-9418', 'South William', '2006-02-21', 1961),
(874, 'Scott', 'Smith', 'Scott.Smith@example.com', '+1-460-591-9084x26593', 'North Michael', '2000-03-23', 1949),
(875, 'Luis', 'Adams', 'Luis.Adams@example.com', '(981)611-8042', 'Jeanberg', '1997-08-13', 2004),
(876, 'Regina', 'Mendoza', 'Regina.Mendoza@example.com', '001-236-235-0063x013', 'South Darius', '2021-06-23', 1985),
(877, 'Michael', 'Oconnor', 'Michael.Oconnor@example.com', '(277)560-7724x2404', 'Gabrieltown', '2008-09-02', 1981),
(878, 'Billy', 'Schwartz', 'Billy.Schwartz@example.com', '423-862-1783x78491', 'North Jonathanville', '2003-01-04', 1991),
(879, 'Jason', 'Watkins', 'Jason.Watkins@example.com', '+1-364-856-6504', 'Lewisborough', '2022-05-08', 1964),
(880, 'Mark', 'Curtis', 'Mark.Curtis@example.com', '001-270-780-3207x694', 'Chambersville', '1997-09-11', 1963),
(881, 'Anthony', 'Green', 'Anthony.Green@example.com', '466.756.9201x41792', 'Penningtonborough', '2013-11-29', 1987),
(882, 'Sarah', 'Powell', 'Sarah.Powell@example.com', '827.855.8968x573', 'West Karen', '2024-10-30', 1955),
(883, 'Wesley', 'Reyes', 'Wesley.Reyes@example.com', '001-278-293-9889x13929', 'Jonathonville', '2026-10-18', 1949),
(884, 'Benjamin', 'Blackwell', 'Benjamin.Blackwell@example.com', '001-643-827-6647x303', 'Calhounstad', '2001-08-21', 2002),
(885, 'Laura', 'Reyes', 'Laura.Reyes@example.com', '+1-352-364-5061x58318', 'East Carlosberg', '1998-02-25', 1965),
(886, 'Alexander', 'Schneider', 'Alexander.Schneider@example.com', '+1-502-938-9319x251', 'North Mary', '2024-02-16', 2001),
(887, 'Patricia', 'Brown', 'Patricia.Brown@example.com', '(934)331-9676x7167', 'Austinberg', '2000-09-26', 1994),
(888, 'Sydney', 'Smith', 'Sydney.Smith@example.com', '001-714-425-0097x436', 'Wilsonmouth', '2010-01-07', 1984),
(889, 'Elizabeth', 'Parsons', 'Elizabeth.Parsons@example.com', '228.539.8674x535', 'South Donald', '2003-03-18', 1979),
(890, 'Angel', 'Williams', 'Angel.Williams@example.com', '+1-248-856-7382x4747', 'Singhside', '2000-05-04', 1973),
(891, 'Kristopher', 'Vazquez', 'Kristopher.Vazquez@example.com', '(712)850-2880x860', 'New Lisa', '2004-09-24', 1992),
(892, 'William', 'Montoya', 'William.Montoya@example.com', '689-248-9804', 'Boydmouth', '2002-06-01', 1951),
(893, 'Steven', 'Barrett', 'Steven.Barrett@example.com', '250-201-4308x99181', 'Hallburgh', '2011-07-16', 1958),
(894, 'Stephanie', 'Garza', 'Stephanie.Garza@example.com', '911-279-0656x10459', 'North Tiffany', '2010-08-27', 1979),
(895, 'Rick', 'Rosales', 'Rick.Rosales@example.com', '8516290835', 'Simsburgh', '2012-01-13', 1994),
(896, 'Angela', 'Henderson', 'Angela.Henderson@example.com', '+1-456-845-5289', 'North Ian', '2002-03-15', 1985),
(897, 'Derrick', 'Fleming', 'Derrick.Fleming@example.com', '238.733.2175x17681', 'East Kerri', '1999-04-29', 1975),
(898, 'David', 'Scott', 'David.Scott@example.com', '001-741-695-7530x4246', 'Mayland', '2025-07-21', 1987),
(899, 'Alexander', 'Smith', 'Alexander.Smith@example.com', '535.764.4279x563', 'Lake Ryan', '2017-08-21', 2002),
(900, 'Tamara', 'Shields', 'Tamara.Shields@example.com', '278-340-7803x33363', 'West Isaiahport', '2024-10-29', 1982);
INSERT INTO `customers` (`customerid`, `first_name`, `last_name`, `email`, `phone`, `city`, `signup_date`, `birth_year`) VALUES
(901, 'Michael', 'Ford', 'Michael.Ford@example.com', '+1-326-827-6123x91618', 'Johnsonmouth', '2004-02-17', 1989),
(902, 'Brian', 'Caldwell', 'Brian.Caldwell@example.com', '773-662-6989x66766', 'Martinview', '2007-08-02', 2008),
(903, 'Theresa', 'Anderson', 'Theresa.Anderson@example.com', '001-752-801-6979x76967', 'Snydertown', '2000-08-18', 1950),
(904, 'Leonard', 'Matthews', 'Leonard.Matthews@example.com', '856.821.4450x53446', 'Carolineton', '2007-12-17', 1980),
(905, 'Robert', 'Wilkinson', 'Robert.Wilkinson@example.com', '9769426629', 'Port Gilbert', '2008-11-07', 1956),
(906, 'Eric', 'Williams', 'Eric.Williams@example.com', '+1-541-593-6097x66075', 'Karimouth', '2013-10-15', 1961),
(907, 'Steven', 'Wilson', 'Steven.Wilson@example.com', '(414)783-8401', 'South Megan', '2014-05-04', 1958),
(908, 'Kevin', 'Johnson', 'Kevin.Johnson@example.com', '001-442-296-7523x12814', 'West Johnstad', '2021-10-30', 1964),
(909, 'Marcus', 'Holloway', 'Marcus.Holloway@example.com', '001-772-617-1010x692', 'Jamesburgh', '2012-03-03', 1981),
(910, 'Adam', 'Lopez', 'Adam.Lopez@example.com', '(807)280-0912x89365', 'Port Joshuatown', '2025-10-01', 1978),
(911, 'Alejandro', 'Ramirez', 'Alejandro.Ramirez@example.com', '642.445.9389', 'New Debraberg', '2024-09-16', 1956),
(912, 'Lauren', 'Edwards', 'Lauren.Edwards@example.com', '277-533-7923x9948', 'New Donald', '1999-11-06', 1954),
(913, 'Tonya', 'Farrell', 'Tonya.Farrell@example.com', '+1-383-879-7626', 'Davidport', '2007-08-17', 1972),
(914, 'Susan', 'Bass', 'Susan.Bass@example.com', '(250)681-5533x7927', 'New Elizabethport', '2000-01-05', 1945),
(915, 'Pamela', 'Lester', 'Pamela.Lester@example.com', '001-303-683-9014x892', 'North Blakeville', '2010-04-14', 2010),
(916, 'Gina', 'Williams', 'Gina.Williams@example.com', '925-696-5294', 'Wintersside', '2001-03-16', 2010),
(917, 'Lisa', 'Snyder', 'Lisa.Snyder@example.com', '(603)588-7451', 'Ritterside', '1998-10-11', 1946),
(918, 'Lisa', 'Hutchinson', 'Lisa.Hutchinson@example.com', '930.540.9641', 'Port Dianeville', '2024-02-03', 1991),
(919, 'Cynthia', 'Black', 'Cynthia.Black@example.com', '+1-755-341-4916x713', 'Port George', '2004-05-06', 1948),
(920, 'John', 'Olsen', 'John.Olsen@example.com', '(271)676-5332x838', 'New Susan', '2013-08-26', 1960),
(921, 'Jasmine', 'Wilkerson', 'Jasmine.Wilkerson@example.com', '001-543-227-7732x8040', 'South Danielle', '1999-07-27', 1992),
(922, 'Veronica', 'Coleman', 'Veronica.Coleman@example.com', '001-662-512-7521', 'West Lucas', '2006-09-17', 1985),
(923, 'Zachary', 'West', 'Zachary.West@example.com', '001-627-371-2943', 'Kellerberg', '2000-04-04', 1980),
(924, 'Vanessa', 'Peterson', 'Vanessa.Peterson@example.com', '5279907679', 'North Melissamouth', '2022-11-28', 1958),
(925, 'Yvonne', 'Pierce', 'Yvonne.Pierce@example.com', '(430)827-0125', 'Nicholsmouth', '2025-12-20', 1954),
(926, 'Marcus', 'Rivas', 'Marcus.Rivas@example.com', '988.997.9731', 'West Francisco', '2017-07-08', 1974),
(927, 'Brent', 'Rogers', 'Brent.Rogers@example.com', '(349)795-4658', 'West David', '2000-09-05', 1950),
(928, 'Douglas', 'Meadows', 'Douglas.Meadows@example.com', '658.499.0219x479', 'Princehaven', '2010-01-09', 1973),
(929, 'Joseph', 'Scott', 'Joseph.Scott@example.com', '001-549-272-8619x60947', 'Charlesshire', '2013-04-22', 1963),
(930, 'Elizabeth', 'Estrada', 'Elizabeth.Estrada@example.com', '294.352.6108x4603', 'West Madelinebury', '1999-03-05', 1999),
(931, 'Angelica', 'Jordan', 'Angelica.Jordan@example.com', '257-431-5222x5066', 'Hensonton', '2001-09-10', 2003),
(932, 'Mark', 'Ramirez', 'Mark.Ramirez@example.com', '486-343-7718x8267', 'Smithhaven', '1997-11-24', 2004),
(933, 'Joy', 'Livingston', 'Joy.Livingston@example.com', '917-764-9569x26882', 'New Nathan', '1999-04-19', 2007),
(934, 'Paul', 'Rice', 'Paul.Rice@example.com', '001-813-481-8612x920', 'New Bradley', '2027-07-17', 1988),
(935, 'Dennis', 'Deleon', 'Dennis.Deleon@example.com', '(542)440-8408', 'Barneschester', '2011-07-11', 2007),
(936, 'Caleb', 'Hayden', 'Caleb.Hayden@example.com', '759-753-5323', 'Maytown', '2022-05-23', 2010),
(937, 'Adrienne', 'Ali', 'Adrienne.Ali@example.com', '297.743.0890x2751', 'Annachester', '2022-03-01', 1985),
(938, 'Natalie', 'Hicks', 'Natalie.Hicks@example.com', '(428)607-7100x337', 'Tammyfort', '1998-01-27', 1964),
(939, 'Andrea', 'Acevedo', 'Andrea.Acevedo@example.com', '948.229.9713x469', 'Nicholasfurt', '2019-12-15', 1957),
(940, 'Charles', 'Mendez', 'Charles.Mendez@example.com', '+1-543-835-8214x463', 'Port Carl', '2022-03-28', 1980),
(941, 'Colin', 'Whitney', 'Colin.Whitney@example.com', '731-492-0667x748', 'Lake Jackside', '2012-05-03', 2006),
(942, 'Gary', 'Pena', 'Gary.Pena@example.com', '(232)265-1547x43575', 'Shanetown', '2019-05-11', 2006),
(943, 'Andrew', 'Mills', 'Andrew.Mills@example.com', '635.703.4795', 'West Austinview', '2022-04-19', 1966),
(944, 'Eric', 'Bonilla', 'Eric.Bonilla@example.com', '510-380-7270x64895', 'West Calebland', '2020-06-05', 1964),
(945, 'Madison', 'Foster', 'Madison.Foster@example.com', '(782)702-0619x76971', 'Mosesland', '2004-02-15', 1949),
(946, 'Jerome', 'Armstrong', 'Jerome.Armstrong@example.com', '945.501.0423x0778', 'Brownview', '2023-08-20', 1968),
(947, 'Tammy', 'Ellis', 'Tammy.Ellis@example.com', '001-968-339-2527x35924', 'Noahmouth', '2015-08-14', 1960),
(948, 'Kimberly', 'Adams', 'Kimberly.Adams@example.com', '001-416-907-6073x162', 'Port Garyhaven', '2001-10-06', 1988),
(949, 'Hannah', 'Parks', 'Hannah.Parks@example.com', '001-412-226-3021x32536', 'New Wandamouth', '1997-02-28', 1965),
(950, 'Nancy', 'Quinn', 'Nancy.Quinn@example.com', '+1-774-701-6842x23477', 'Garciabury', '2018-10-15', 1960),
(951, 'Kathryn', 'Sampson', 'Kathryn.Sampson@example.com', '812-753-7179', 'Lake Dawnborough', '2020-10-22', 1976),
(952, 'Charles', 'Jacobs', 'Charles.Jacobs@example.com', '+1-900-744-0949', 'Jasonshire', '2008-08-04', 2005),
(953, 'Christopher', 'Williams', 'Christopher.Williams@example.com', '(454)976-6489', 'Hopkinsview', '1999-09-13', 1970),
(954, 'Shannon', 'Cooper', 'Shannon.Cooper@example.com', '001-631-350-3589x27716', 'Port Teresa', '2027-02-25', 1948),
(955, 'Lindsey', 'Barr', 'Lindsey.Barr@example.com', '001-697-310-3671x58139', 'Williamsfurt', '2026-10-09', 2010),
(956, 'Stephen', 'Johnson', 'Stephen.Johnson@example.com', '5977005020', 'Jamieshire', '2022-10-18', 1981),
(957, 'Darren', 'Spencer', 'Darren.Spencer@example.com', '295-425-7378', 'Singletonfurt', '2009-08-18', 2002),
(958, 'Keith', 'Perez', 'Keith.Perez@example.com', '226.871.8987x7224', 'New Jimberg', '2021-03-13', 1982),
(959, 'Mario', 'Davis', 'Mario.Davis@example.com', '499-505-4845', 'Andrewland', '2001-08-14', 1966),
(960, 'Jennifer', 'Dudley', 'Jennifer.Dudley@example.com', '(627)699-2412x783', 'New Christopher', '2004-07-08', 1969),
(961, 'Bailey', 'Davis', 'Bailey.Davis@example.com', '+1-994-504-4742x51929', 'Toddville', '2010-09-21', 1968),
(962, 'Tiffany', 'Santana', 'Tiffany.Santana@example.com', '+1-910-354-9431x1884', 'Ericaborough', '2024-05-03', 2004),
(963, 'Dwayne', 'Mills', 'Dwayne.Mills@example.com', '(371)730-2800', 'Kingbury', '2018-03-12', 1964),
(964, 'Robert', 'Jacobson', 'Robert.Jacobson@example.com', '(483)937-5429x9922', 'Bryanthaven', '2020-07-01', 1982),
(965, 'Mariah', 'Thornton', 'Mariah.Thornton@example.com', '822.529.6856x6860', 'Rossmouth', '2007-07-03', 1949),
(966, 'Andrew', 'Dennis', 'Andrew.Dennis@example.com', '(425)249-5554x06713', 'Montoyafort', '2015-04-10', 1998),
(967, 'Mary', 'Young', 'Mary.Young@example.com', '+1-278-303-1068x52228', 'Markland', '2020-09-13', 1946),
(968, 'Richard', 'Cruz', 'Richard.Cruz@example.com', '(462)978-4993x9728', 'Port Edward', '2013-08-17', 1991),
(969, 'Allen', 'Morrison', 'Allen.Morrison@example.com', '+1-877-418-8013', 'South Sarahside', '2027-08-31', 1949),
(970, 'Sara', 'Hudson', 'Sara.Hudson@example.com', '269-577-4360', 'New Barbara', '2006-01-01', 1968),
(971, 'Vincent', 'Ruiz', 'Vincent.Ruiz@example.com', '+1-898-520-3874x87372', 'East Edward', '2003-04-24', 2009),
(972, 'Brad', 'Cook', 'Brad.Cook@example.com', '428.771.8710x45115', 'Robertport', '2017-01-29', 1956),
(973, 'Kelly', 'Jenkins', 'Kelly.Jenkins@example.com', '538-299-7118', 'Port Rebeccahaven', '2000-11-30', 2003),
(974, 'Juan', 'Prince', 'Juan.Prince@example.com', '493.214.7288x667', 'Barretthaven', '2013-09-25', 1978),
(975, 'Bryan', 'French', 'Bryan.French@example.com', '(296)889-7671x6756', 'Lake Angela', '1997-12-06', 1961),
(976, 'James', 'Rodriguez', 'James.Rodriguez@example.com', '(998)494-4028x31947', 'Richardstad', '2011-12-18', 2005),
(977, 'Kevin', 'Atkinson', 'Kevin.Atkinson@example.com', '372-272-7787x13490', 'Lake Jeremymouth', '2017-09-21', 1957),
(978, 'Christopher', 'Pena', 'Christopher.Pena@example.com', '(811)332-0559', 'Shawnburgh', '2016-12-12', 1984),
(979, 'Patrick', 'Lawrence', 'Patrick.Lawrence@example.com', '+1-818-775-2557x8409', 'South James', '2004-08-05', 1967),
(980, 'Shawn', 'Kirby', 'Shawn.Kirby@example.com', '586.434.4798x29481', 'West Garyberg', '2003-06-12', 1969),
(981, 'Tim', 'Bradley', 'Tim.Bradley@example.com', '(494)752-2265', 'Port Adrianbury', '2014-04-25', 1980),
(982, 'Devon', 'Ayala', 'Devon.Ayala@example.com', '(698)917-6807x9490', 'Parkshire', '2019-05-30', 1987),
(983, 'Todd', 'Hall', 'Todd.Hall@example.com', '318.721.4143', 'South Wesley', '1997-04-24', 1958),
(984, 'Rebecca', 'Reyes', 'Rebecca.Reyes@example.com', '865.925.7451x27517', 'Stevenfurt', '2000-09-05', 1996),
(985, 'Steven', 'Hutchinson', 'Steven.Hutchinson@example.com', '(768)772-9903', 'Mitchellchester', '2014-04-01', 1982),
(986, 'Alex', 'Collins', 'Alex.Collins@example.com', '395.455.5547x78334', 'Rachaelshire', '2015-12-09', 2004),
(987, 'Molly', 'Jenkins', 'Molly.Jenkins@example.com', '(277)971-0744', 'North Stevebury', '2017-10-10', 1974),
(988, 'Gregory', 'Montgomery', 'Gregory.Montgomery@example.com', '(303)308-8278', 'South Denise', '2011-10-08', 1993),
(989, 'Mariah', 'Giles', 'Mariah.Giles@example.com', '618.906.1972x6056', 'Andrewport', '2011-04-10', 1990),
(990, 'Melissa', 'Compton', 'Melissa.Compton@example.com', '334.784.5303x065', 'East Michael', '2003-09-19', 2003),
(991, 'Sandra', 'Ramirez', 'Sandra.Ramirez@example.com', '(412)507-1866', 'East Stacy', '2025-12-06', 1947),
(992, 'Elaine', 'Obrien', 'Elaine.Obrien@example.com', '240-418-2031', 'Port David', '2022-04-07', 1949),
(993, 'Gina', 'Williams', 'Gina.Williams@example.com', '001-717-540-3360x557', 'East Crystalmouth', '2020-08-12', 1980),
(994, 'Gregory', 'Cook', 'Gregory.Cook@example.com', '751.543.8923x23662', 'South Theresa', '2027-03-07', 1947),
(995, 'Kelly', 'Rogers', 'Kelly.Rogers@example.com', '789.897.9439x342', 'Ricetown', '1999-11-09', 1992),
(996, 'Denise', 'Schmidt', 'Denise.Schmidt@example.com', '001-774-907-8121x2107', 'Shanemouth', '2026-09-15', 1980),
(997, 'Margaret', 'Scott', 'Margaret.Scott@example.com', '640-975-0965', 'New Joel', '2014-11-15', 1948),
(998, 'Kenneth', 'Hernandez', 'Kenneth.Hernandez@example.com', '922.801.2037x939', 'Amandashire', '2026-12-26', 1988),
(999, 'Mark', 'Sims', 'Mark.Sims@example.com', '410.413.0138x750', 'Lake Jefferyside', '2017-07-15', 1978),
(1000, 'Kimberly', 'Rodriguez', 'Kimberly.Rodriguez@example.com', '(522)272-9350x684', 'South Brandon', '2023-05-07', 1957);

-- --------------------------------------------------------

--
-- Tablo için tablo yapısı `orders`
--

DROP TABLE IF EXISTS `orders`;
CREATE TABLE IF NOT EXISTS `orders` (
  `orderid` int NOT NULL AUTO_INCREMENT,
  `customerid` int NOT NULL,
  `order_date` date NOT NULL,
  `payment_method` varchar(45) COLLATE utf8mb4_unicode_ci NOT NULL,
  `total_amount` int DEFAULT NULL,
  PRIMARY KEY (`orderid`),
  KEY `fk_orders_customerid` (`customerid`)
) ENGINE=MyISAM AUTO_INCREMENT=1001 DEFAULT CHARSET=utf8mb4 COLLATE=utf8mb4_unicode_ci;

--
-- Tablo döküm verisi `orders`
--

INSERT INTO `orders` (`orderid`, `customerid`, `order_date`, `payment_method`, `total_amount`) VALUES
(1, 495, '1997-09-15', 'Credit Card', 49),
(2, 2, '2009-02-07', 'Discover', 23),
(3, 682, '2016-12-17', 'Maestro', 9),
(4, 767, '2011-08-26', 'Amazon Pay', 6),
(5, 379, '2010-01-08', 'Cash on Delivery', 25),
(6, 612, '2004-01-20', 'Credit Card', 38),
(7, 934, '2026-08-15', 'Visa', 13),
(8, 507, '2024-05-13', 'Bitcoin', 39),
(9, 483, '2011-06-22', 'Debit Card', 7),
(10, 587, '2011-01-13', 'Wire Transfer', 39),
(11, 102, '1998-02-12', 'Mastercard', 35),
(12, 3, '2021-12-15', 'Bitcoin', 16),
(13, 779, '1999-02-15', 'Cash on Delivery', 23),
(14, 303, '2013-06-20', 'PayPal', 2),
(15, 837, '2005-10-23', 'Visa', 46),
(16, 997, '2002-03-07', 'Maestro', 6),
(17, 84, '2003-12-22', 'Maestro', 19),
(18, 521, '2010-06-02', 'Klarna', 29),
(19, 575, '2025-12-18', 'Bitcoin', 44),
(20, 739, '2018-12-07', 'Gift Card', 12),
(21, 414, '2000-05-11', 'Visa', 12),
(22, 807, '1998-03-13', 'Visa', 37),
(23, 183, '2012-03-18', 'Maestro', 26),
(24, 608, '2012-06-19', 'Amazon Pay', 1),
(25, 706, '2014-12-09', 'Apple Pay', 21),
(26, 736, '2007-02-21', 'Samsung Pay', 22),
(27, 386, '2026-01-17', 'Ethereum', 14),
(28, 114, '2021-05-03', 'Discover', 50),
(29, 184, '2000-02-19', 'Maestro', 19),
(30, 216, '2010-02-18', 'Discover', 46),
(31, 130, '2025-05-19', 'Gift Card', 40),
(32, 343, '1997-06-04', 'USDT', 16),
(33, 314, '2022-06-24', 'Visa', 11),
(34, 442, '2013-07-16', 'Mastercard', 40),
(35, 920, '2008-07-24', 'Debit Card', 47),
(36, 201, '2014-07-09', 'PayPal', 0),
(37, 980, '1999-01-09', 'Credit Card', 38),
(38, 392, '2019-10-23', 'Visa', 34),
(39, 369, '2027-08-15', 'Discover', 3),
(40, 203, '2018-01-22', 'PayPal', 19),
(41, 57, '2006-02-04', 'Bank Transfer', 2),
(42, 701, '2002-11-17', 'Cash on Delivery', 16),
(43, 227, '2012-01-28', 'Afterpay', 11),
(44, 694, '2001-02-02', 'Klarna', 44),
(45, 690, '2020-07-07', 'Cash on Delivery', 44),
(46, 729, '2005-08-30', 'Bitcoin', 2),
(47, 989, '2011-07-16', 'Card on Delivery', 12),
(48, 593, '2013-06-26', 'Gift Card', 9),
(49, 210, '2016-09-06', 'Mastercard', 32),
(50, 565, '1998-07-09', 'Cash on Delivery', 21),
(51, 646, '2007-11-20', 'Mastercard', 24),
(52, 226, '1998-07-13', 'PayPal', 26),
(53, 56, '2007-10-16', 'Store Credit', 29),
(54, 121, '2011-12-18', 'USDT', 15),
(55, 229, '2011-04-02', 'Ethereum', 36),
(56, 168, '2008-06-07', 'Wire Transfer', 22),
(57, 882, '2009-10-24', 'Amazon Pay', 11),
(58, 790, '2010-04-05', 'Direct Debit', 48),
(59, 937, '2004-06-18', 'Store Credit', 8),
(60, 598, '2007-06-17', 'Gift Card', 3),
(61, 127, '2019-04-29', 'USDT', 49),
(62, 156, '2020-12-06', 'Debit Card', 6),
(63, 853, '2008-10-25', 'USDT', 35),
(64, 236, '2021-11-17', 'Samsung Pay', 9),
(65, 607, '2012-06-27', 'Klarna', 33),
(66, 569, '2020-06-07', 'Gift Card', 6),
(67, 578, '2027-07-01', 'Debit Card', 7),
(68, 915, '2025-09-15', 'Card on Delivery', 27),
(69, 561, '2008-07-06', 'Card on Delivery', 34),
(70, 523, '2025-10-20', 'Credit Card', 21),
(71, 502, '2026-07-15', 'Samsung Pay', 7),
(72, 945, '2021-05-18', 'Afterpay', 47),
(73, 973, '1997-02-19', 'Mastercard', 4),
(74, 741, '2001-07-19', 'Mastercard', 11),
(75, 393, '2003-01-11', 'PayPal', 11),
(76, 800, '2003-05-31', 'Debit Card', 21),
(77, 109, '2005-03-19', 'Credit Card', 12),
(78, 487, '2015-05-28', 'Gift Card', 30),
(79, 385, '1998-07-09', 'Affirm', 24),
(80, 400, '2025-05-16', 'Card on Delivery', 15),
(81, 474, '2025-05-18', 'Afterpay', 25),
(82, 8, '2010-05-21', 'Maestro', 20),
(83, 133, '2013-03-03', 'Samsung Pay', 39),
(84, 251, '2004-06-12', 'Klarna', 7),
(85, 610, '2010-10-09', 'Gift Card', 4),
(86, 704, '2009-04-03', 'Samsung Pay', 45),
(87, 178, '2023-04-11', 'Card on Delivery', 10),
(88, 844, '2022-03-15', 'Bank Transfer', 18),
(89, 352, '2015-03-23', 'Amazon Pay', 28),
(90, 621, '2009-05-29', 'Card on Delivery', 50),
(91, 106, '2011-05-15', 'Afterpay', 30),
(92, 339, '2013-10-11', 'Klarna', 2),
(93, 289, '2001-07-16', 'Maestro', 14),
(94, 431, '2009-05-26', 'Cash on Delivery', 50),
(95, 11, '2003-08-25', 'Wire Transfer', 35),
(96, 417, '2008-11-30', 'Credit Card', 16),
(97, 719, '2022-01-04', 'Discover', 8),
(98, 109, '2001-06-23', 'Wire Transfer', 21),
(99, 667, '2012-11-14', 'Amazon Pay', 23),
(100, 602, '2013-07-24', 'Store Credit', 50),
(101, 60, '2022-02-25', 'Direct Debit', 20),
(102, 790, '2010-07-19', 'Wire Transfer', 20),
(103, 974, '2006-02-20', 'Credit Card', 1),
(104, 134, '2011-10-02', 'Google Pay', 16),
(105, 628, '2002-01-19', 'Cash on Delivery', 32),
(106, 702, '2024-12-05', 'Debit Card', 5),
(107, 102, '1997-08-25', 'Bitcoin', 36),
(108, 126, '2018-01-19', 'PayPal', 25),
(109, 798, '2019-10-15', 'American Express', 14),
(110, 64, '2011-05-28', 'Afterpay', 12),
(111, 449, '2024-08-31', 'USDT', 37),
(112, 959, '2011-02-12', 'Klarna', 19),
(113, 757, '2016-11-08', 'Credit Card', 46),
(114, 144, '2025-02-12', 'Amazon Pay', 50),
(115, 967, '2004-06-03', 'Afterpay', 14),
(116, 742, '2016-07-10', 'Affirm', 12),
(117, 270, '2004-07-12', 'Direct Debit', 13),
(118, 415, '2015-07-19', 'Mastercard', 43),
(119, 276, '2021-04-29', 'USDT', 6),
(120, 36, '2016-04-21', 'Bank Transfer', 12),
(121, 485, '2006-12-02', 'Bank Transfer', 48),
(122, 87, '2005-04-02', 'PayPal', 43),
(123, 28, '2001-09-04', 'Klarna', 49),
(124, 982, '2025-01-13', 'Visa', 14),
(125, 167, '2026-02-08', 'Bitcoin', 12),
(126, 494, '2016-05-03', 'Store Credit', 12),
(127, 925, '2006-08-31', 'Klarna', 8),
(128, 496, '2004-11-07', 'Afterpay', 15),
(129, 617, '2011-09-05', 'Maestro', 46),
(130, 78, '1999-07-05', 'Card on Delivery', 18),
(131, 481, '2003-11-07', 'Wire Transfer', 48),
(132, 30, '2008-07-08', 'Google Pay', 2),
(133, 219, '1998-08-15', 'PayPal', 9),
(134, 893, '2021-12-19', 'Cash on Delivery', 10),
(135, 261, '2022-09-12', 'Bank Transfer', 3),
(136, 812, '1999-10-23', 'Debit Card', 49),
(137, 624, '2019-01-01', 'Samsung Pay', 33),
(138, 566, '2009-08-16', 'Klarna', 9),
(139, 818, '2000-04-11', 'PayPal', 36),
(140, 796, '2017-05-19', 'Maestro', 43),
(141, 679, '2000-02-07', 'Maestro', 39),
(142, 508, '2015-02-13', 'Card on Delivery', 16),
(143, 803, '2020-09-22', 'Cash on Delivery', 49),
(144, 7, '2004-09-12', 'Afterpay', 47),
(145, 906, '2009-02-22', 'Apple Pay', 12),
(146, 684, '2013-09-09', 'Wire Transfer', 32),
(147, 808, '1997-03-03', 'USDT', 42),
(148, 821, '2026-07-31', 'Ethereum', 18),
(149, 180, '2016-07-27', 'Visa', 26),
(150, 399, '2011-07-01', 'American Express', 49),
(151, 400, '2025-07-23', 'Debit Card', 28),
(152, 315, '2011-06-20', 'Discover', 33),
(153, 858, '2013-01-20', 'Gift Card', 16),
(154, 98, '2010-10-17', 'Afterpay', 15),
(155, 836, '2004-03-25', 'Credit Card', 16),
(156, 857, '1999-07-20', 'USDT', 6),
(157, 574, '2015-12-04', 'PayPal', 48),
(158, 59, '1998-04-18', 'Debit Card', 27),
(159, 274, '2000-08-06', 'PayPal', 13),
(160, 736, '2014-12-01', 'Affirm', 6),
(161, 639, '2010-06-05', 'Gift Card', 45),
(162, 255, '2009-12-18', 'Maestro', 32),
(163, 906, '2005-08-01', 'Bank Transfer', 0),
(164, 598, '2024-12-07', 'USDT', 5),
(165, 372, '2026-11-15', 'Discover', 36),
(166, 642, '2009-10-08', 'Direct Debit', 39),
(167, 741, '2010-12-14', 'Samsung Pay', 48),
(168, 947, '2016-04-05', 'Cash on Delivery', 13),
(169, 655, '2001-08-31', 'Debit Card', 44),
(170, 483, '2008-05-09', 'Bitcoin', 8),
(171, 237, '2006-12-12', 'American Express', 10),
(172, 118, '2001-04-19', 'Gift Card', 40),
(173, 325, '2014-02-21', 'Apple Pay', 28),
(174, 660, '2024-09-08', 'American Express', 50),
(175, 16, '2023-10-22', 'Gift Card', 15),
(176, 688, '2006-07-24', 'Credit Card', 7),
(177, 98, '2018-08-21', 'Klarna', 17),
(178, 908, '2027-07-05', 'Gift Card', 34),
(179, 976, '2002-05-13', 'Discover', 23),
(180, 103, '2011-06-28', 'Cash on Delivery', 41),
(181, 851, '2016-04-11', 'Cash on Delivery', 37),
(182, 959, '2014-08-11', 'Maestro', 25),
(183, 772, '2004-02-25', 'Bank Transfer', 15),
(184, 824, '2023-04-07', 'Maestro', 33),
(185, 570, '2025-02-13', 'Cash on Delivery', 1),
(186, 627, '2016-10-18', 'Google Pay', 32),
(187, 681, '2021-10-31', 'Affirm', 16),
(188, 64, '2026-01-01', 'Store Credit', 35),
(189, 963, '2013-06-05', 'Cash on Delivery', 24),
(190, 798, '2000-04-29', 'USDT', 26),
(191, 827, '2008-03-30', 'Afterpay', 43),
(192, 377, '2017-04-21', 'Bitcoin', 34),
(193, 65, '2014-10-05', 'Credit Card', 8),
(194, 467, '1998-05-08', 'Amazon Pay', 43),
(195, 224, '2007-09-19', 'Apple Pay', 40),
(196, 538, '2020-07-08', 'Store Credit', 16),
(197, 452, '2022-11-12', 'Amazon Pay', 20),
(198, 389, '2002-07-04', 'Debit Card', 8),
(199, 122, '2007-11-14', 'Store Credit', 14),
(200, 54, '2017-04-15', 'USDT', 45),
(201, 917, '2017-07-21', 'Bank Transfer', 6),
(202, 322, '2000-05-20', 'Cash on Delivery', 7),
(203, 47, '2022-08-08', 'Cash on Delivery', 22),
(204, 731, '1997-01-27', 'Wire Transfer', 2),
(205, 756, '2013-10-11', 'American Express', 20),
(206, 304, '2019-02-26', 'Apple Pay', 46),
(207, 712, '2021-01-26', 'Debit Card', 48),
(208, 818, '2011-07-19', 'Klarna', 2),
(209, 353, '2021-11-21', 'Direct Debit', 10),
(210, 715, '2010-04-14', 'Amazon Pay', 18),
(211, 532, '2011-02-18', 'Apple Pay', 15),
(212, 731, '2024-09-11', 'Store Credit', 39),
(213, 919, '2010-03-16', 'Ethereum', 45),
(214, 189, '2019-07-12', 'Ethereum', 21),
(215, 230, '2019-02-12', 'Credit Card', 16),
(216, 353, '2024-02-10', 'Gift Card', 12),
(217, 337, '2008-08-28', 'Debit Card', 0),
(218, 656, '2022-06-21', 'Klarna', 6),
(219, 184, '2008-10-15', 'Store Credit', 49),
(220, 834, '2006-04-10', 'Bank Transfer', 31),
(221, 522, '2012-04-18', 'Card on Delivery', 35),
(222, 227, '2027-06-04', 'Cash on Delivery', 33),
(223, 282, '2024-07-10', 'Affirm', 8),
(224, 823, '2007-07-26', 'Discover', 20),
(225, 648, '2022-11-01', 'Card on Delivery', 30),
(226, 15, '2021-11-10', 'Discover', 6),
(227, 743, '2017-10-27', 'Klarna', 8),
(228, 39, '2009-12-25', 'Bitcoin', 6),
(229, 357, '2023-07-13', 'USDT', 22),
(230, 363, '2009-01-01', 'Bitcoin', 8),
(231, 896, '2022-11-10', 'Mastercard', 28),
(232, 163, '2013-08-01', 'Store Credit', 33),
(233, 449, '2004-04-22', 'Discover', 17),
(234, 87, '2001-06-22', 'Cash on Delivery', 20),
(235, 75, '2018-11-05', 'American Express', 4),
(236, 139, '2002-11-04', 'Amazon Pay', 38),
(237, 59, '2008-04-06', 'Bitcoin', 39),
(238, 946, '2002-03-03', 'Direct Debit', 39),
(239, 799, '2007-08-10', 'Visa', 34),
(240, 448, '2001-05-04', 'Affirm', 7),
(241, 439, '2004-06-14', 'Direct Debit', 23),
(242, 17, '2009-05-04', 'Credit Card', 12),
(243, 714, '2019-02-17', 'Google Pay', 24),
(244, 549, '2007-05-07', 'American Express', 35),
(245, 647, '2000-05-10', 'USDT', 29),
(246, 611, '2005-08-28', 'Amazon Pay', 13),
(247, 615, '1997-09-05', 'Klarna', 35),
(248, 391, '2011-12-27', 'Wire Transfer', 19),
(249, 108, '2021-06-29', 'Card on Delivery', 44),
(250, 708, '2005-11-05', 'PayPal', 12),
(251, 536, '2001-06-11', 'Bitcoin', 35),
(252, 639, '1998-09-13', 'Bitcoin', 45),
(253, 99, '2004-10-18', 'Credit Card', 18),
(254, 886, '2006-03-04', 'Gift Card', 40),
(255, 381, '2019-10-27', 'Google Pay', 29),
(256, 805, '2025-08-19', 'Bank Transfer', 38),
(257, 534, '2021-02-17', 'Afterpay', 22),
(258, 303, '2003-08-21', 'Store Credit', 23),
(259, 322, '2025-09-25', 'Discover', 0),
(260, 940, '2008-04-26', 'American Express', 17),
(261, 505, '2027-04-17', 'American Express', 17),
(262, 882, '1998-04-17', 'Debit Card', 19),
(263, 124, '2020-06-05', 'Ethereum', 43),
(264, 498, '2006-12-19', 'Apple Pay', 41),
(265, 644, '2026-03-14', 'Google Pay', 0),
(266, 520, '2015-11-14', 'Google Pay', 34),
(267, 36, '2001-06-03', 'Visa', 16),
(268, 847, '2002-08-26', 'Affirm', 37),
(269, 849, '2017-04-09', 'Debit Card', 29),
(270, 14, '2002-08-19', 'Card on Delivery', 42),
(271, 427, '1998-08-05', 'PayPal', 6),
(272, 666, '2005-02-26', 'Direct Debit', 8),
(273, 230, '2014-04-25', 'Discover', 39),
(274, 539, '2025-09-11', 'Klarna', 7),
(275, 752, '2001-02-14', 'Affirm', 29),
(276, 651, '2008-10-19', 'Ethereum', 13),
(277, 21, '2005-06-22', 'Affirm', 48),
(278, 82, '2007-12-05', 'Debit Card', 25),
(279, 870, '2001-02-27', 'Apple Pay', 23),
(280, 735, '2025-05-04', 'Afterpay', 17),
(281, 104, '2001-07-10', 'PayPal', 0),
(282, 508, '2022-08-10', 'Samsung Pay', 27),
(283, 288, '2001-05-01', 'Card on Delivery', 49),
(284, 76, '2000-12-29', 'Gift Card', 25),
(285, 646, '2026-08-16', 'Debit Card', 18),
(286, 570, '2017-07-06', 'Bitcoin', 41),
(287, 973, '2020-08-19', 'Amazon Pay', 21),
(288, 859, '2019-03-03', 'Afterpay', 22),
(289, 337, '2002-07-16', 'Mastercard', 16),
(290, 281, '2000-12-15', 'Gift Card', 17),
(291, 313, '2023-08-12', 'Afterpay', 13),
(292, 569, '2014-07-14', 'Discover', 8),
(293, 835, '2012-10-18', 'Afterpay', 1),
(294, 222, '2022-02-16', 'Cash on Delivery', 39),
(295, 632, '2015-02-23', 'Samsung Pay', 17),
(296, 283, '2012-10-03', 'Wire Transfer', 17),
(297, 897, '2004-07-08', 'Bank Transfer', 31),
(298, 832, '2027-07-13', 'Apple Pay', 12),
(299, 208, '2017-09-11', 'American Express', 3),
(300, 920, '2013-03-29', 'Store Credit', 14),
(301, 23, '2013-07-29', 'Ethereum', 28),
(302, 634, '2015-08-02', 'Google Pay', 38),
(303, 554, '2010-09-11', 'Affirm', 17),
(304, 215, '2018-01-03', 'Credit Card', 44),
(305, 762, '2006-11-12', 'Bank Transfer', 13),
(306, 111, '1998-07-18', 'American Express', 24),
(307, 868, '2000-05-14', 'Maestro', 9),
(308, 757, '2008-04-08', 'Card on Delivery', 37),
(309, 624, '2001-09-14', 'Credit Card', 17),
(310, 667, '2011-07-30', 'Discover', 39),
(311, 178, '2000-09-27', 'Maestro', 23),
(312, 338, '2005-01-02', 'Bitcoin', 35),
(313, 224, '2001-06-21', 'Store Credit', 36),
(314, 326, '2027-03-26', 'Direct Debit', 14),
(315, 443, '2022-08-14', 'USDT', 22),
(316, 682, '2022-10-08', 'Discover', 5),
(317, 452, '2003-06-19', 'USDT', 35),
(318, 763, '2025-07-29', 'Klarna', 35),
(319, 591, '2006-09-30', 'Samsung Pay', 26),
(320, 404, '2018-02-09', 'Affirm', 14),
(321, 212, '2014-12-07', 'PayPal', 1),
(322, 504, '2015-11-18', 'Ethereum', 28),
(323, 200, '2014-07-05', 'American Express', 16),
(324, 399, '2017-08-21', 'Amazon Pay', 23),
(325, 333, '2001-04-14', 'American Express', 23),
(326, 185, '2012-10-23', 'USDT', 44),
(327, 322, '2021-02-09', 'Affirm', 46),
(328, 189, '2020-05-21', 'Debit Card', 31),
(329, 14, '2016-01-15', 'Ethereum', 11),
(330, 280, '2013-11-15', 'Credit Card', 20),
(331, 609, '2017-07-21', 'Wire Transfer', 15),
(332, 914, '1997-09-13', 'Cash on Delivery', 6),
(333, 34, '2020-07-09', 'Mastercard', 5),
(334, 281, '2016-04-12', 'Affirm', 41),
(335, 182, '2005-05-10', 'Bank Transfer', 48),
(336, 400, '2004-06-10', 'Ethereum', 6),
(337, 659, '2023-06-20', 'Debit Card', 50),
(338, 402, '2026-08-03', 'Mastercard', 29),
(339, 435, '2008-08-18', 'American Express', 4),
(340, 546, '2006-11-14', 'Klarna', 29),
(341, 788, '2024-02-28', 'Card on Delivery', 34),
(342, 41, '1999-08-17', 'Direct Debit', 12),
(343, 989, '2008-09-19', 'Visa', 44),
(344, 374, '2014-03-06', 'American Express', 41),
(345, 412, '2023-02-12', 'Amazon Pay', 7),
(346, 211, '2017-07-20', 'PayPal', 7),
(347, 348, '2024-03-21', 'Google Pay', 48),
(348, 930, '2015-01-29', 'Ethereum', 36),
(349, 491, '2005-11-13', 'Afterpay', 49),
(350, 30, '2014-11-30', 'Bitcoin', 36),
(351, 43, '2007-07-08', 'Wire Transfer', 45),
(352, 435, '2008-05-20', 'American Express', 31),
(353, 124, '2008-09-15', 'Bank Transfer', 6),
(354, 352, '1999-05-21', 'Afterpay', 43),
(355, 751, '2026-09-26', 'Wire Transfer', 24),
(356, 883, '2022-02-19', 'Bank Transfer', 33),
(357, 800, '2022-02-02', 'Bitcoin', 41),
(358, 206, '2011-05-07', 'Store Credit', 42),
(359, 573, '2021-10-05', 'Card on Delivery', 34),
(360, 473, '2003-07-05', 'Klarna', 40),
(361, 677, '2008-09-01', 'American Express', 38),
(362, 746, '2024-09-15', 'Bank Transfer', 37),
(363, 658, '2004-10-31', 'USDT', 40),
(364, 251, '2010-05-05', 'Credit Card', 44),
(365, 838, '2015-10-04', 'Cash on Delivery', 34),
(366, 320, '2027-03-02', 'Cash on Delivery', 36),
(367, 223, '2020-09-09', 'PayPal', 19),
(368, 734, '2012-05-30', 'Afterpay', 48),
(369, 816, '2022-03-10', 'American Express', 21),
(370, 503, '2020-10-08', 'Cash on Delivery', 41),
(371, 10, '2005-12-07', 'Gift Card', 17),
(372, 541, '2012-12-29', 'Mastercard', 8),
(373, 591, '2023-11-30', 'Samsung Pay', 36),
(374, 976, '2011-04-29', 'Bank Transfer', 21),
(375, 143, '2000-07-13', 'Apple Pay', 0),
(376, 246, '2009-06-16', 'Klarna', 19),
(377, 960, '1998-06-03', 'Debit Card', 7),
(378, 986, '1999-05-06', 'Visa', 35),
(379, 809, '1999-05-30', 'PayPal', 31),
(380, 623, '2003-02-12', 'Store Credit', 10),
(381, 424, '2008-03-05', 'Maestro', 40),
(382, 288, '2011-03-15', 'Samsung Pay', 28),
(383, 936, '2003-03-20', 'Gift Card', 18),
(384, 515, '2024-07-15', 'Mastercard', 6),
(385, 38, '2017-10-22', 'Bitcoin', 21),
(386, 295, '2013-06-03', 'Ethereum', 1),
(387, 292, '1998-03-21', 'Gift Card', 49),
(388, 266, '2027-10-22', 'Mastercard', 26),
(389, 542, '2007-08-29', 'Mastercard', 0),
(390, 718, '2015-01-10', 'Visa', 29),
(391, 793, '2022-04-01', 'USDT', 41),
(392, 629, '2019-06-25', 'Debit Card', 34),
(393, 239, '2012-10-07', 'Samsung Pay', 39),
(394, 403, '2019-06-14', 'Bitcoin', 25),
(395, 482, '2016-11-24', 'Gift Card', 14),
(396, 775, '2002-06-18', 'Bitcoin', 37),
(397, 902, '2005-05-20', 'Credit Card', 28),
(398, 840, '2023-03-25', 'Affirm', 18),
(399, 875, '2009-05-06', 'Samsung Pay', 9),
(400, 277, '1999-09-01', 'Gift Card', 8),
(401, 538, '2024-01-05', 'Gift Card', 11),
(402, 937, '2000-06-06', 'Direct Debit', 25),
(403, 885, '2002-04-20', 'Amazon Pay', 28),
(404, 519, '2012-06-18', 'Ethereum', 19),
(405, 530, '2003-09-26', 'Amazon Pay', 1),
(406, 195, '2002-12-10', 'Affirm', 15),
(407, 587, '2008-01-06', 'Discover', 41),
(408, 883, '1998-05-17', 'Apple Pay', 6),
(409, 487, '2018-12-05', 'Apple Pay', 17),
(410, 446, '2015-06-29', 'Affirm', 1),
(411, 95, '2006-02-04', 'Discover', 14),
(412, 427, '2001-11-02', 'Store Credit', 29),
(413, 710, '2019-04-01', 'American Express', 36),
(414, 532, '2020-11-15', 'Mastercard', 9),
(415, 582, '2012-11-23', 'Bank Transfer', 39),
(416, 635, '2010-04-03', 'Affirm', 10),
(417, 816, '2005-05-13', 'Debit Card', 34),
(418, 519, '2013-05-29', 'Ethereum', 23),
(419, 35, '2010-09-09', 'Discover', 37),
(420, 977, '2001-08-07', 'Bank Transfer', 17),
(421, 791, '2026-01-23', 'American Express', 38),
(422, 34, '2016-08-30', 'Credit Card', 3),
(423, 936, '2021-05-27', 'Maestro', 35),
(424, 870, '2016-02-09', 'American Express', 17),
(425, 425, '2022-05-16', 'Debit Card', 33),
(426, 103, '2000-02-29', 'Card on Delivery', 6),
(427, 380, '2017-03-17', 'Maestro', 30),
(428, 269, '2022-05-20', 'Maestro', 31),
(429, 4, '2021-08-20', 'Cash on Delivery', 38),
(430, 574, '2003-09-25', 'Samsung Pay', 12),
(431, 304, '2012-08-05', 'Bank Transfer', 30),
(432, 657, '2004-12-10', 'Wire Transfer', 15),
(433, 44, '2018-02-19', 'Maestro', 27),
(434, 776, '2011-08-01', 'Mastercard', 0),
(435, 904, '2012-07-23', 'Samsung Pay', 9),
(436, 61, '2007-01-12', 'Afterpay', 30),
(437, 848, '2005-07-28', 'Samsung Pay', 34),
(438, 977, '2023-11-28', 'Mastercard', 40),
(439, 159, '2012-10-08', 'American Express', 40),
(440, 637, '2013-01-05', 'Credit Card', 39),
(441, 842, '2000-07-22', 'Store Credit', 43),
(442, 144, '2017-12-02', 'Samsung Pay', 1),
(443, 952, '2011-05-26', 'Amazon Pay', 16),
(444, 603, '1997-07-24', 'Amazon Pay', 21),
(445, 863, '2006-04-01', 'Amazon Pay', 25),
(446, 701, '2010-08-02', 'Bitcoin', 35),
(447, 334, '1997-04-07', 'Samsung Pay', 49),
(448, 921, '2016-03-21', 'Cash on Delivery', 22),
(449, 380, '2009-04-22', 'Discover', 20),
(450, 325, '2017-10-13', 'Visa', 32),
(451, 3, '2001-08-11', 'Discover', 43),
(452, 568, '2001-07-20', 'Bitcoin', 30),
(453, 13, '2016-05-18', 'Google Pay', 13),
(454, 9, '2003-11-22', 'Direct Debit', 38),
(455, 129, '2002-09-18', 'Klarna', 2),
(456, 405, '2007-02-16', 'Wire Transfer', 27),
(457, 142, '2018-08-03', 'Apple Pay', 12),
(458, 449, '2023-01-02', 'Visa', 48),
(459, 368, '2013-12-06', 'Amazon Pay', 7),
(460, 258, '2002-08-01', 'Discover', 19),
(461, 941, '2014-01-31', 'Afterpay', 18),
(462, 394, '2009-06-10', 'Visa', 29),
(463, 919, '1997-06-10', 'USDT', 19),
(464, 608, '2026-03-23', 'Store Credit', 3),
(465, 254, '1999-11-16', 'Cash on Delivery', 28),
(466, 410, '2024-01-11', 'Cash on Delivery', 26),
(467, 628, '1999-02-27', 'American Express', 31),
(468, 599, '2002-01-17', 'Direct Debit', 49),
(469, 175, '2011-10-05', 'Apple Pay', 45),
(470, 802, '2016-09-01', 'Store Credit', 32),
(471, 124, '2013-10-05', 'Wire Transfer', 44),
(472, 873, '2012-03-06', 'Visa', 1),
(473, 329, '2020-06-10', 'Wire Transfer', 42),
(474, 536, '2002-11-12', 'Mastercard', 25),
(475, 210, '2001-07-13', 'Store Credit', 23),
(476, 123, '2027-06-09', 'Maestro', 9),
(477, 712, '2024-08-20', 'Apple Pay', 1),
(478, 923, '1997-01-17', 'Store Credit', 13),
(479, 293, '2014-09-07', 'Direct Debit', 28),
(480, 854, '2000-07-15', 'Samsung Pay', 42),
(481, 138, '2024-12-07', 'Bank Transfer', 0),
(482, 696, '1998-02-09', 'Samsung Pay', 15),
(483, 907, '2008-12-25', 'Apple Pay', 37),
(484, 707, '2019-01-27', 'Credit Card', 27),
(485, 972, '2010-01-20', 'Bitcoin', 42),
(486, 682, '2005-01-30', 'Affirm', 20),
(487, 251, '2006-05-26', 'Klarna', 5),
(488, 911, '2017-11-22', 'Wire Transfer', 0),
(489, 156, '1999-05-15', 'Amazon Pay', 12),
(490, 373, '2025-11-28', 'Store Credit', 33),
(491, 649, '2014-08-28', 'Discover', 19),
(492, 91, '2005-03-01', 'Samsung Pay', 29),
(493, 36, '2007-06-07', 'Bitcoin', 32),
(494, 73, '2004-12-29', 'Card on Delivery', 23),
(495, 640, '2013-11-06', 'Direct Debit', 22),
(496, 954, '2018-05-12', 'Card on Delivery', 46),
(497, 735, '2008-01-16', 'Amazon Pay', 31),
(498, 492, '2009-11-29', 'Afterpay', 28),
(499, 719, '2022-07-11', 'Apple Pay', 10),
(500, 847, '1999-08-24', 'Credit Card', 31),
(501, 603, '2003-01-25', 'Visa', 43),
(502, 648, '2021-04-28', 'Google Pay', 8),
(503, 40, '2008-08-05', 'Gift Card', 0),
(504, 208, '2002-05-18', 'Affirm', 23),
(505, 652, '2002-05-03', 'Wire Transfer', 21),
(506, 821, '2017-03-06', 'Gift Card', 27),
(507, 680, '1999-03-26', 'Bitcoin', 50),
(508, 334, '2018-11-20', 'Credit Card', 14),
(509, 153, '2024-02-08', 'Wire Transfer', 45),
(510, 660, '1997-06-25', 'Klarna', 17),
(511, 548, '2027-09-20', 'Ethereum', 27),
(512, 507, '2011-10-06', 'Apple Pay', 12),
(513, 59, '2023-03-26', 'Visa', 4),
(514, 135, '2014-06-05', 'Amazon Pay', 24),
(515, 15, '2008-07-04', 'Amazon Pay', 19),
(516, 413, '1999-02-16', 'Direct Debit', 27),
(517, 582, '2000-05-09', 'Direct Debit', 5),
(518, 522, '2026-03-01', 'Amazon Pay', 10),
(519, 17, '2006-05-29', 'Afterpay', 42),
(520, 10, '2026-07-01', 'Google Pay', 31),
(521, 555, '2022-11-20', 'Wire Transfer', 16),
(522, 40, '2009-03-31', 'Samsung Pay', 0),
(523, 365, '1997-06-07', 'Afterpay', 9),
(524, 961, '2000-01-22', 'Afterpay', 44),
(525, 469, '2018-04-08', 'Direct Debit', 24),
(526, 339, '2012-06-15', 'Wire Transfer', 27),
(527, 910, '2020-09-20', 'Credit Card', 4),
(528, 443, '2005-03-27', 'Cash on Delivery', 7),
(529, 882, '2014-07-15', 'Amazon Pay', 31),
(530, 535, '1997-10-15', 'Gift Card', 14),
(531, 590, '2016-03-29', 'Cash on Delivery', 41),
(532, 567, '2016-03-12', 'Gift Card', 12),
(533, 103, '2024-07-24', 'Card on Delivery', 23),
(534, 761, '2007-07-25', 'Wire Transfer', 31),
(535, 598, '2004-02-05', 'Gift Card', 20),
(536, 548, '2012-08-09', 'Mastercard', 15),
(537, 440, '2021-08-26', 'Wire Transfer', 39),
(538, 276, '2027-10-31', 'American Express', 1),
(539, 525, '2021-04-29', 'Ethereum', 32),
(540, 953, '2001-10-04', 'Google Pay', 50),
(541, 725, '2021-06-21', 'Store Credit', 19),
(542, 395, '2006-12-06', 'Bitcoin', 39),
(543, 671, '2025-08-25', 'Klarna', 9),
(544, 681, '2006-09-14', 'Google Pay', 4),
(545, 208, '2009-08-27', 'American Express', 50),
(546, 364, '2015-11-19', 'Samsung Pay', 33),
(547, 525, '2019-12-24', 'Ethereum', 43),
(548, 268, '2013-12-03', 'Amazon Pay', 50),
(549, 765, '2014-07-22', 'Maestro', 13),
(550, 385, '2027-12-12', 'Debit Card', 29),
(551, 369, '2013-09-03', 'Amazon Pay', 50),
(552, 724, '1999-05-07', 'Bitcoin', 34),
(553, 341, '2019-05-27', 'Direct Debit', 40),
(554, 661, '2000-04-10', 'Visa', 24),
(555, 874, '2009-04-20', 'Credit Card', 49),
(556, 83, '2022-11-16', 'Bank Transfer', 1),
(557, 184, '2008-07-06', 'Klarna', 34),
(558, 901, '2007-07-26', 'Apple Pay', 3),
(559, 778, '2023-09-07', 'Direct Debit', 10),
(560, 540, '2019-01-14', 'Gift Card', 33),
(561, 108, '1997-10-12', 'Affirm', 23),
(562, 497, '2009-08-18', 'Afterpay', 27),
(563, 707, '2025-10-29', 'Amazon Pay', 31),
(564, 585, '2005-12-30', 'USDT', 48),
(565, 435, '2020-02-09', 'PayPal', 3),
(566, 165, '2003-10-10', 'Mastercard', 9),
(567, 714, '2023-02-23', 'Visa', 27),
(568, 964, '2010-01-15', 'USDT', 45),
(569, 44, '2021-09-29', 'Klarna', 31),
(570, 92, '2027-10-17', 'PayPal', 41),
(571, 469, '1999-11-09', 'Ethereum', 24),
(572, 872, '2027-07-01', 'Credit Card', 1),
(573, 9, '2000-07-25', 'Credit Card', 36),
(574, 35, '2021-01-12', 'PayPal', 36),
(575, 73, '2025-05-13', 'Card on Delivery', 1),
(576, 469, '2012-03-11', 'Samsung Pay', 40),
(577, 950, '2010-01-09', 'Wire Transfer', 7),
(578, 778, '2012-01-18', 'Apple Pay', 49),
(579, 799, '2006-09-06', 'Samsung Pay', 34),
(580, 443, '1999-05-27', 'Visa', 44),
(581, 713, '2025-05-08', 'Amazon Pay', 40),
(582, 632, '2001-12-06', 'Ethereum', 34),
(583, 1000, '2021-09-11', 'Google Pay', 29),
(584, 376, '2011-11-16', 'Credit Card', 26),
(585, 140, '2008-09-30', 'Ethereum', 2),
(586, 762, '2003-11-07', 'Debit Card', 42),
(587, 784, '2001-03-03', 'Google Pay', 17),
(588, 798, '1997-06-18', 'Debit Card', 43),
(589, 237, '2001-12-18', 'Wire Transfer', 35),
(590, 671, '2007-01-15', 'Wire Transfer', 39),
(591, 714, '2017-12-21', 'PayPal', 47),
(592, 755, '2019-02-19', 'Mastercard', 22),
(593, 440, '2025-07-01', 'Cash on Delivery', 37),
(594, 397, '2017-02-13', 'Card on Delivery', 2),
(595, 882, '2017-10-05', 'USDT', 6),
(596, 573, '2022-02-13', 'USDT', 39),
(597, 700, '2003-04-14', 'Affirm', 4),
(598, 823, '2004-07-29', 'Cash on Delivery', 9),
(599, 389, '2015-08-28', 'Afterpay', 22),
(600, 584, '2026-10-25', 'Direct Debit', 40),
(601, 54, '1998-12-25', 'Ethereum', 15),
(602, 170, '1997-08-10', 'Credit Card', 48),
(603, 808, '1998-12-21', 'American Express', 10),
(604, 580, '2020-04-23', 'Klarna', 39),
(605, 367, '2005-09-26', 'Maestro', 19),
(606, 645, '2023-07-12', 'Google Pay', 29),
(607, 385, '2007-05-20', 'Afterpay', 30),
(608, 725, '2011-05-14', 'Amazon Pay', 39),
(609, 432, '2001-02-16', 'Bank Transfer', 6),
(610, 567, '1998-07-08', 'Cash on Delivery', 34),
(611, 380, '2022-08-11', 'Bank Transfer', 46),
(612, 65, '2024-10-20', 'Bitcoin', 29),
(613, 669, '2006-05-15', 'Maestro', 42),
(614, 582, '2001-01-12', 'Credit Card', 14),
(615, 491, '2001-07-10', 'Maestro', 22),
(616, 843, '1997-10-01', 'Gift Card', 39),
(617, 461, '2018-08-29', 'PayPal', 24),
(618, 173, '2011-01-20', 'Ethereum', 47),
(619, 289, '2018-01-03', 'Discover', 33),
(620, 977, '2004-05-13', 'Amazon Pay', 48),
(621, 152, '2005-05-15', 'Ethereum', 37),
(622, 95, '2020-01-13', 'Google Pay', 41),
(623, 974, '2007-02-23', 'Visa', 19),
(624, 865, '2007-05-17', 'Cash on Delivery', 16),
(625, 764, '2021-06-14', 'Samsung Pay', 30),
(626, 398, '1999-01-21', 'Klarna', 3),
(627, 584, '2018-10-25', 'Ethereum', 50),
(628, 810, '2004-10-21', 'Mastercard', 26),
(629, 28, '2025-11-09', 'Google Pay', 8),
(630, 304, '1999-07-22', 'Affirm', 38),
(631, 473, '1999-03-08', 'American Express', 27),
(632, 658, '2011-12-09', 'Afterpay', 25),
(633, 714, '2025-02-21', 'Gift Card', 37),
(634, 997, '2026-05-21', 'PayPal', 48),
(635, 40, '2012-08-23', 'Wire Transfer', 34),
(636, 356, '2011-03-13', 'PayPal', 20),
(637, 29, '2018-04-13', 'Google Pay', 33),
(638, 988, '2024-03-13', 'Klarna', 18),
(639, 6, '2000-09-15', 'Bank Transfer', 16),
(640, 78, '2021-08-24', 'Google Pay', 30),
(641, 905, '2024-07-27', 'Maestro', 40),
(642, 619, '2002-06-15', 'Bitcoin', 1),
(643, 79, '1998-11-17', 'Afterpay', 46),
(644, 567, '1998-03-22', 'Klarna', 35),
(645, 212, '1999-05-27', 'Visa', 23),
(646, 730, '2016-12-23', 'Credit Card', 26),
(647, 899, '2023-03-18', 'Bitcoin', 7),
(648, 947, '2016-09-03', 'Direct Debit', 44),
(649, 36, '1998-11-11', 'Mastercard', 14),
(650, 814, '2021-02-03', 'PayPal', 5),
(651, 748, '2009-11-08', 'Samsung Pay', 33),
(652, 323, '1998-07-21', 'Samsung Pay', 23),
(653, 71, '2016-11-29', 'Samsung Pay', 16),
(654, 379, '2004-12-04', 'Affirm', 28),
(655, 122, '2005-01-15', 'Afterpay', 32),
(656, 114, '2004-05-14', 'Bitcoin', 37),
(657, 585, '2011-05-02', 'USDT', 6),
(658, 703, '2003-09-25', 'Credit Card', 17),
(659, 1000, '2004-06-04', 'USDT', 17),
(660, 717, '2009-10-09', 'PayPal', 13),
(661, 288, '2001-04-22', 'Credit Card', 37),
(662, 840, '2000-11-02', 'Visa', 22),
(663, 702, '2021-01-12', 'Affirm', 31),
(664, 861, '2021-01-05', 'Discover', 39),
(665, 974, '2026-08-20', 'Wire Transfer', 37),
(666, 417, '2000-10-03', 'PayPal', 43),
(667, 241, '2026-08-20', 'Google Pay', 45),
(668, 125, '2024-02-23', 'Bank Transfer', 3),
(669, 14, '2024-01-30', 'Discover', 9),
(670, 162, '2013-11-13', 'Google Pay', 42),
(671, 652, '2019-10-09', 'Klarna', 14),
(672, 976, '2001-01-26', 'Store Credit', 30),
(673, 968, '2004-08-04', 'Visa', 33),
(674, 163, '2021-03-20', 'Ethereum', 39),
(675, 958, '2022-11-23', 'Card on Delivery', 50),
(676, 551, '2027-07-10', 'Affirm', 39),
(677, 726, '2008-11-27', 'Apple Pay', 36),
(678, 300, '2010-06-15', 'American Express', 37),
(679, 454, '2011-01-12', 'Visa', 36),
(680, 906, '2022-04-15', 'Klarna', 39),
(681, 182, '2010-12-27', 'Credit Card', 23),
(682, 764, '1998-01-21', 'Samsung Pay', 23),
(683, 268, '2015-12-25', 'Bank Transfer', 20),
(684, 490, '2001-08-21', 'Bitcoin', 5),
(685, 205, '2001-02-24', 'Store Credit', 10),
(686, 894, '1997-01-06', 'Debit Card', 49),
(687, 455, '2007-09-25', 'Mastercard', 11),
(688, 138, '1997-03-04', 'Google Pay', 1),
(689, 791, '2024-08-19', 'Wire Transfer', 43),
(690, 159, '2015-03-28', 'Klarna', 50),
(691, 732, '2002-10-10', 'Samsung Pay', 42),
(692, 154, '2004-01-15', 'Discover', 44),
(693, 251, '2014-04-28', 'Bitcoin', 27),
(694, 107, '2001-02-08', 'Maestro', 26),
(695, 446, '2004-05-24', 'Card on Delivery', 1),
(696, 794, '2008-09-14', 'Credit Card', 4),
(697, 885, '2020-08-30', 'Store Credit', 6),
(698, 393, '2010-01-26', 'PayPal', 46),
(699, 175, '2018-01-02', 'Afterpay', 39),
(700, 623, '2006-03-05', 'Apple Pay', 42),
(701, 457, '2023-11-05', 'Mastercard', 46),
(702, 585, '2016-03-27', 'Cash on Delivery', 3),
(703, 499, '2006-07-23', 'Bank Transfer', 16),
(704, 802, '2005-04-23', 'Bank Transfer', 50),
(705, 184, '2021-11-02', 'Klarna', 32),
(706, 399, '2000-08-09', 'Klarna', 18),
(707, 108, '2004-02-20', 'Afterpay', 9),
(708, 333, '2016-10-10', 'Credit Card', 9),
(709, 174, '2001-06-14', 'Debit Card', 37),
(710, 57, '2021-03-19', 'Debit Card', 34),
(711, 501, '2022-08-07', 'Gift Card', 29),
(712, 8, '2003-12-14', 'American Express', 36),
(713, 164, '2016-08-20', 'PayPal', 0),
(714, 477, '2026-02-15', 'Gift Card', 21),
(715, 916, '2010-09-13', 'USDT', 4),
(716, 700, '1997-04-29', 'USDT', 1),
(717, 551, '2019-12-31', 'Bitcoin', 14),
(718, 692, '2003-11-21', 'Samsung Pay', 26),
(719, 103, '2027-03-02', 'Store Credit', 47),
(720, 466, '2003-08-23', 'Mastercard', 16),
(721, 362, '2027-06-27', 'Affirm', 23),
(722, 141, '2027-05-27', 'USDT', 49),
(723, 46, '2017-01-29', 'Wire Transfer', 12),
(724, 337, '2015-12-14', 'Wire Transfer', 10),
(725, 833, '2019-11-21', 'Apple Pay', 11),
(726, 961, '2018-05-26', 'USDT', 17),
(727, 313, '1997-03-08', 'Store Credit', 27),
(728, 577, '2023-05-30', 'Samsung Pay', 9),
(729, 961, '2022-11-27', 'Card on Delivery', 13),
(730, 354, '2026-10-30', 'Credit Card', 34),
(731, 947, '2011-06-28', 'Amazon Pay', 22),
(732, 41, '2024-07-21', 'Afterpay', 6),
(733, 494, '1997-02-18', 'Klarna', 39),
(734, 721, '2009-06-20', 'Wire Transfer', 5),
(735, 274, '2019-03-16', 'Credit Card', 7),
(736, 945, '2010-10-03', 'Store Credit', 45),
(737, 470, '2009-11-05', 'Maestro', 13),
(738, 826, '2001-03-20', 'Affirm', 30),
(739, 114, '2017-03-26', 'Bank Transfer', 7),
(740, 454, '2024-04-15', 'Klarna', 34),
(741, 475, '2002-10-02', 'Google Pay', 43),
(742, 430, '1998-08-02', 'Mastercard', 30),
(743, 669, '2004-08-23', 'Google Pay', 39),
(744, 577, '2013-07-15', 'Credit Card', 27),
(745, 525, '2003-06-11', 'PayPal', 2),
(746, 169, '2003-07-01', 'Google Pay', 15),
(747, 960, '2023-10-31', 'Mastercard', 10),
(748, 141, '2000-06-18', 'Visa', 14),
(749, 29, '2015-09-07', 'Affirm', 30),
(750, 874, '2010-05-05', 'Bank Transfer', 17),
(751, 891, '2008-10-15', 'American Express', 38),
(752, 373, '2019-06-18', 'Debit Card', 12),
(753, 386, '2004-09-26', 'Ethereum', 36),
(754, 785, '2007-06-29', 'Discover', 46),
(755, 104, '2012-07-06', 'American Express', 9),
(756, 336, '2024-09-21', 'PayPal', 2),
(757, 855, '2019-08-15', 'Visa', 39),
(758, 447, '2022-10-31', 'PayPal', 33),
(759, 822, '2002-07-07', 'Store Credit', 16),
(760, 577, '2020-02-05', 'Card on Delivery', 47),
(761, 818, '2025-06-18', 'Credit Card', 32),
(762, 749, '2022-03-25', 'Visa', 35),
(763, 301, '2020-07-05', 'Wire Transfer', 25),
(764, 456, '2016-07-31', 'USDT', 18),
(765, 61, '2021-06-13', 'Gift Card', 23),
(766, 356, '2003-09-30', 'Ethereum', 41),
(767, 457, '2003-02-02', 'Apple Pay', 15),
(768, 490, '2016-06-21', 'Wire Transfer', 7),
(769, 127, '2012-09-27', 'Debit Card', 33),
(770, 215, '2021-01-28', 'PayPal', 41),
(771, 648, '2018-04-18', 'Store Credit', 33),
(772, 453, '2008-11-24', 'Direct Debit', 26),
(773, 598, '1997-08-31', 'Credit Card', 2),
(774, 269, '2009-06-19', 'Klarna', 45),
(775, 708, '2014-06-11', 'Debit Card', 21),
(776, 148, '2008-05-28', 'Bitcoin', 36),
(777, 131, '2020-12-25', 'Visa', 21),
(778, 301, '2011-12-23', 'Bitcoin', 23),
(779, 55, '2024-06-24', 'Bank Transfer', 8),
(780, 869, '2013-04-08', 'Maestro', 12),
(781, 632, '2015-05-08', 'USDT', 27),
(782, 317, '1997-04-21', 'Debit Card', 33),
(783, 203, '2002-05-31', 'Affirm', 35),
(784, 675, '2016-03-19', 'Google Pay', 9),
(785, 911, '2008-03-18', 'Store Credit', 49),
(786, 592, '2025-05-08', 'American Express', 37),
(787, 518, '2019-02-14', 'Google Pay', 44),
(788, 287, '1999-05-08', 'Credit Card', 49),
(789, 725, '2019-08-05', 'Ethereum', 0),
(790, 350, '2001-09-06', 'Gift Card', 10),
(791, 127, '2000-05-18', 'Mastercard', 36),
(792, 563, '2005-06-09', 'Mastercard', 3),
(793, 399, '2007-09-24', 'Gift Card', 49),
(794, 157, '2011-08-21', 'American Express', 46),
(795, 322, '1998-01-25', 'Mastercard', 18),
(796, 634, '2004-09-13', 'Apple Pay', 15),
(797, 238, '2009-03-16', 'Affirm', 12),
(798, 985, '2019-02-06', 'Cash on Delivery', 10),
(799, 272, '2026-04-26', 'Bank Transfer', 36),
(800, 474, '2003-06-10', 'Google Pay', 2),
(801, 703, '2003-05-19', 'Ethereum', 36),
(802, 931, '2001-06-17', 'Credit Card', 31),
(803, 152, '2015-12-30', 'Affirm', 30),
(804, 362, '2003-08-26', 'Store Credit', 43),
(805, 338, '2013-04-12', 'Bitcoin', 49),
(806, 569, '2001-08-14', 'Google Pay', 26),
(807, 647, '2027-07-11', 'Google Pay', 7),
(808, 627, '2005-01-15', 'Afterpay', 25),
(809, 848, '2002-10-21', 'Samsung Pay', 16),
(810, 806, '2022-07-26', 'Samsung Pay', 14),
(811, 477, '2014-06-02', 'Mastercard', 29),
(812, 119, '2003-04-24', 'USDT', 47),
(813, 718, '2009-09-21', 'Bitcoin', 2),
(814, 520, '2008-04-01', 'Bank Transfer', 28),
(815, 543, '2005-05-21', 'Direct Debit', 40),
(816, 929, '2015-03-11', 'Ethereum', 39),
(817, 843, '2008-06-26', 'Affirm', 47),
(818, 255, '2002-05-07', 'Afterpay', 4),
(819, 545, '1999-08-16', 'Bank Transfer', 22),
(820, 149, '2000-12-16', 'Card on Delivery', 4),
(821, 336, '1998-12-21', 'Mastercard', 11),
(822, 775, '2017-09-05', 'Wire Transfer', 18),
(823, 79, '2025-06-13', 'Credit Card', 7),
(824, 420, '2021-04-29', 'Direct Debit', 40),
(825, 614, '2023-07-11', 'Cash on Delivery', 25),
(826, 384, '2010-07-27', 'Mastercard', 11),
(827, 323, '2010-04-19', 'Bank Transfer', 41),
(828, 616, '2025-03-12', 'Samsung Pay', 2),
(829, 980, '2005-11-07', 'Google Pay', 10),
(830, 625, '2022-02-11', 'Wire Transfer', 23),
(831, 401, '2011-09-14', 'Samsung Pay', 1),
(832, 302, '2016-05-17', 'Bitcoin', 47),
(833, 522, '2013-09-24', 'Direct Debit', 2),
(834, 570, '2015-07-30', 'Card on Delivery', 49),
(835, 863, '2016-07-01', 'Affirm', 18),
(836, 104, '2026-02-23', 'Maestro', 1),
(837, 144, '2017-09-05', 'Google Pay', 4),
(838, 772, '2024-09-24', 'Debit Card', 34),
(839, 526, '2017-02-05', 'Afterpay', 3),
(840, 655, '2019-06-15', 'Affirm', 34),
(841, 453, '2014-09-02', 'Debit Card', 32),
(842, 728, '2016-01-31', 'Bitcoin', 9),
(843, 249, '2017-12-08', 'Google Pay', 26),
(844, 893, '2004-09-02', 'Direct Debit', 5),
(845, 869, '2016-07-05', 'Google Pay', 26),
(846, 42, '2022-01-10', 'Amazon Pay', 15),
(847, 611, '2014-04-05', 'PayPal', 50),
(848, 416, '1999-06-06', 'PayPal', 12),
(849, 854, '2012-12-14', 'Discover', 25),
(850, 708, '2018-06-21', 'Visa', 44),
(851, 8, '2022-04-29', 'Klarna', 4),
(852, 120, '1999-07-10', 'Apple Pay', 48),
(853, 600, '2011-03-10', 'Credit Card', 49),
(854, 867, '2010-11-10', 'Store Credit', 26),
(855, 642, '1999-12-31', 'Google Pay', 2),
(856, 764, '2024-02-23', 'Credit Card', 14),
(857, 950, '2012-07-19', 'Card on Delivery', 8),
(858, 143, '2013-11-18', 'American Express', 26),
(859, 193, '2010-08-16', 'Visa', 30),
(860, 367, '2010-02-20', 'Direct Debit', 38),
(861, 493, '1998-02-24', 'USDT', 39),
(862, 788, '2012-11-28', 'Gift Card', 37),
(863, 194, '2025-08-04', 'Discover', 23),
(864, 209, '2004-10-31', 'American Express', 50),
(865, 891, '2024-06-03', 'Klarna', 6),
(866, 594, '2004-08-11', 'Discover', 4),
(867, 38, '2012-10-27', 'Amazon Pay', 9),
(868, 175, '2018-10-03', 'USDT', 8),
(869, 300, '2024-04-29', 'Discover', 27),
(870, 814, '2004-12-26', 'PayPal', 40),
(871, 851, '2016-02-18', 'Apple Pay', 43),
(872, 587, '1999-04-25', 'Samsung Pay', 19),
(873, 510, '2005-12-12', 'Debit Card', 0),
(874, 497, '2014-10-19', 'Apple Pay', 14),
(875, 582, '2026-04-05', 'Gift Card', 11),
(876, 861, '2027-08-22', 'Afterpay', 14),
(877, 168, '2017-02-22', 'Samsung Pay', 16),
(878, 856, '2006-09-01', 'Store Credit', 25),
(879, 268, '2005-09-30', 'Samsung Pay', 38),
(880, 229, '2002-06-30', 'Card on Delivery', 18),
(881, 509, '2007-04-26', 'Affirm', 25),
(882, 280, '2006-06-03', 'Visa', 29),
(883, 574, '2020-11-05', 'Mastercard', 11),
(884, 918, '1998-02-15', 'American Express', 45),
(885, 579, '2014-05-07', 'Discover', 10),
(886, 636, '2019-04-14', 'Mastercard', 41),
(887, 696, '2014-07-20', 'Affirm', 28),
(888, 947, '2018-08-17', 'Affirm', 10),
(889, 479, '2004-08-27', 'Apple Pay', 9),
(890, 222, '2012-01-21', 'Direct Debit', 32),
(891, 981, '2003-10-04', 'Maestro', 36),
(892, 994, '2016-12-09', 'Bitcoin', 36),
(893, 181, '2025-02-11', 'USDT', 49),
(894, 925, '2025-11-18', 'Maestro', 9),
(895, 583, '2014-05-14', 'Google Pay', 9),
(896, 611, '2024-06-02', 'Apple Pay', 16),
(897, 454, '2014-01-03', 'Google Pay', 3),
(898, 171, '2024-02-28', 'Mastercard', 37),
(899, 867, '1999-07-29', 'Discover', 27),
(900, 558, '2012-01-31', 'Direct Debit', 28),
(901, 134, '2001-05-03', 'Direct Debit', 10),
(902, 123, '2006-02-25', 'Debit Card', 4),
(903, 789, '2012-03-26', 'Samsung Pay', 33),
(904, 621, '2014-05-14', 'Mastercard', 8),
(905, 370, '2001-10-03', 'USDT', 45),
(906, 827, '2023-10-03', 'Discover', 50),
(907, 292, '2020-06-19', 'Google Pay', 43),
(908, 615, '2001-12-15', 'Wire Transfer', 23),
(909, 266, '2000-08-18', 'Gift Card', 36),
(910, 209, '2016-12-16', 'Mastercard', 46),
(911, 751, '2020-01-05', 'Klarna', 2),
(912, 290, '2020-06-26', 'Samsung Pay', 49),
(913, 961, '2027-02-20', 'Samsung Pay', 17),
(914, 379, '2025-12-06', 'Affirm', 20),
(915, 754, '2020-09-21', 'USDT', 10),
(916, 609, '2025-07-17', 'Google Pay', 1),
(917, 506, '2015-05-31', 'Wire Transfer', 20),
(918, 658, '2020-07-13', 'American Express', 0),
(919, 84, '2021-12-24', 'Bitcoin', 11),
(920, 261, '1999-12-30', 'Klarna', 39),
(921, 917, '2027-08-01', 'PayPal', 25),
(922, 72, '2001-02-09', 'Amazon Pay', 40),
(923, 228, '2007-11-08', 'Cash on Delivery', 37),
(924, 745, '2015-10-31', 'Discover', 43),
(925, 261, '2006-05-16', 'Wire Transfer', 17),
(926, 558, '2022-06-27', 'Visa', 30),
(927, 792, '2024-10-31', 'Wire Transfer', 18),
(928, 164, '2019-01-01', 'Discover', 20),
(929, 816, '2008-11-04', 'Klarna', 15),
(930, 263, '2013-02-09', 'Card on Delivery', 27),
(931, 482, '2005-03-31', 'Credit Card', 3),
(932, 697, '2001-10-27', 'American Express', 26),
(933, 210, '2018-03-24', 'PayPal', 30),
(934, 257, '2006-02-25', 'Store Credit', 25),
(935, 859, '2015-09-25', 'Visa', 41),
(936, 379, '2010-11-08', 'Visa', 4),
(937, 736, '2015-06-17', 'Direct Debit', 49),
(938, 650, '2014-03-20', 'Cash on Delivery', 46),
(939, 763, '1998-10-17', 'Bitcoin', 3),
(940, 850, '2019-01-09', 'Wire Transfer', 12),
(941, 756, '2003-04-07', 'Direct Debit', 50),
(942, 7, '2010-10-21', 'Amazon Pay', 23),
(943, 823, '2005-12-25', 'Store Credit', 7),
(944, 639, '2012-05-17', 'Affirm', 3),
(945, 96, '2027-05-27', 'Credit Card', 4),
(946, 933, '2003-08-04', 'Affirm', 24),
(947, 660, '2023-07-15', 'Debit Card', 44),
(948, 163, '2013-12-18', 'Amazon Pay', 35),
(949, 554, '2005-09-15', 'American Express', 39),
(950, 882, '2027-11-19', 'Visa', 29),
(951, 852, '2013-04-03', 'Amazon Pay', 3),
(952, 297, '2015-09-05', 'Amazon Pay', 34),
(953, 885, '2010-12-13', 'Cash on Delivery', 30),
(954, 980, '2025-12-12', 'Google Pay', 9),
(955, 20, '2010-10-28', 'Store Credit', 2),
(956, 118, '2009-06-19', 'Credit Card', 40),
(957, 767, '2005-07-13', 'Bitcoin', 1),
(958, 690, '2022-05-04', 'PayPal', 21),
(959, 741, '2017-05-16', 'Store Credit', 38),
(960, 396, '2024-08-07', 'Bitcoin', 6),
(961, 104, '2002-09-05', 'Maestro', 27),
(962, 336, '2021-05-23', 'PayPal', 39),
(963, 391, '2010-07-08', 'Afterpay', 43),
(964, 998, '2020-09-24', 'Bank Transfer', 29),
(965, 602, '2010-04-08', 'Credit Card', 36),
(966, 853, '2021-09-21', 'Klarna', 42),
(967, 306, '2000-11-01', 'Visa', 16),
(968, 265, '2015-11-10', 'Cash on Delivery', 50),
(969, 503, '2020-11-08', 'Apple Pay', 36),
(970, 547, '2001-11-07', 'Debit Card', 19),
(971, 761, '2014-03-18', 'USDT', 19),
(972, 658, '2026-01-05', 'Ethereum', 45),
(973, 371, '2020-08-06', 'Google Pay', 50),
(974, 280, '2019-07-14', 'PayPal', 6),
(975, 155, '2008-12-13', 'USDT', 46),
(976, 114, '1997-01-31', 'Debit Card', 15),
(977, 540, '2009-03-29', 'Google Pay', 32),
(978, 922, '2024-01-12', 'Wire Transfer', 31),
(979, 869, '2017-01-31', 'Discover', 29),
(980, 230, '2017-07-30', 'Bitcoin', 35),
(981, 299, '2025-02-04', 'Card on Delivery', 47),
(982, 846, '2012-10-09', 'Google Pay', 26),
(983, 194, '2015-12-15', 'Klarna', 0),
(984, 453, '2018-11-26', 'Cash on Delivery', 15),
(985, 380, '2013-09-27', 'American Express', 36),
(986, 250, '2000-06-20', 'Google Pay', 4),
(987, 230, '2023-11-19', 'Mastercard', 5),
(988, 75, '2006-07-29', 'Credit Card', 0),
(989, 942, '2000-03-07', 'Visa', 15),
(990, 752, '2011-08-19', 'Visa', 5),
(991, 123, '2021-05-12', 'Debit Card', 43),
(992, 334, '2002-03-01', 'Gift Card', 39),
(993, 434, '2023-05-14', 'Apple Pay', 33),
(994, 516, '2023-12-20', 'Google Pay', 15),
(995, 185, '2006-05-20', 'Maestro', 37),
(996, 260, '2020-12-12', 'Klarna', 4),
(997, 975, '2006-05-12', 'Maestro', 5),
(998, 480, '2022-03-09', 'Klarna', 30),
(999, 458, '2024-11-28', 'Affirm', 42),
(1000, 349, '2010-06-14', 'Maestro', 7);

-- --------------------------------------------------------

--
-- Tablo için tablo yapısı `order_items`
--

DROP TABLE IF EXISTS `order_items`;
CREATE TABLE IF NOT EXISTS `order_items` (
  `itemid` int NOT NULL,
  `orderid` int NOT NULL,
  `productid` int NOT NULL,
  `quantity` int DEFAULT NULL,
  `price` int DEFAULT NULL,
  PRIMARY KEY (`itemid`),
  KEY `fk_order_ıtems_orderid` (`orderid`),
  KEY `fk_order_ıtems_productid` (`productid`)
) ENGINE=MyISAM AUTO_INCREMENT=1001 DEFAULT CHARSET=utf8mb4 COLLATE=utf8mb4_unicode_ci;

--
-- Tablo döküm verisi `order_items`
--

INSERT INTO `order_items` (`itemid`, `orderid`, `productid`, `quantity`, `price`) VALUES
(1, 48, 779, 10, 12320),
(2, 325, 59, 27, 33264),
(3, 150, 791, 13, 16016),
(4, 681, 751, 30, 36960),
(5, 139, 739, 11, 13552),
(6, 892, 206, 14, 17248),
(7, 864, 624, 49, 60368),
(8, 608, 323, 23, 28336),
(9, 328, 846, 9, 11088),
(10, 570, 504, 39, 48048),
(11, 278, 868, 7, 8624),
(12, 77, 100, 42, 51744),
(13, 604, 682, 3, 3696),
(14, 610, 597, 47, 57904),
(15, 261, 220, 42, 51744),
(16, 967, 641, 40, 49280),
(17, 750, 437, 12, 14784),
(18, 49, 823, 45, 55440),
(19, 652, 632, 32, 39424),
(20, 140, 961, 45, 55440),
(21, 706, 269, 42, 51744),
(22, 636, 165, 48, 59136),
(23, 284, 622, 18, 22176),
(24, 240, 836, 49, 60368),
(25, 399, 170, 29, 35728),
(26, 74, 16, 37, 45584),
(27, 212, 62, 31, 38192),
(28, 668, 515, 21, 25872),
(29, 832, 933, 50, 61600),
(30, 600, 364, 22, 27104),
(31, 858, 560, 18, 22176),
(32, 390, 412, 38, 46816),
(33, 537, 915, 36, 44352),
(34, 809, 2, 12, 14784),
(35, 467, 15, 6, 7392),
(36, 999, 610, 7, 8624),
(37, 156, 486, 28, 34496),
(38, 256, 81, 29, 35728),
(39, 888, 781, 40, 49280),
(40, 863, 818, 47, 57904),
(41, 535, 916, 9, 11088),
(42, 702, 504, 10, 12320),
(43, 852, 91, 29, 35728),
(44, 644, 463, 42, 51744),
(45, 649, 867, 49, 60368),
(46, 486, 232, 9, 11088),
(47, 855, 683, 35, 43120),
(48, 68, 146, 37, 45584),
(49, 753, 365, 22, 27104),
(50, 40, 73, 10, 12320),
(51, 186, 366, 19, 23408),
(52, 635, 610, 4, 4928),
(53, 889, 692, 5, 6160),
(54, 718, 167, 6, 7392),
(55, 932, 431, 4, 4928),
(56, 382, 257, 43, 52976),
(57, 547, 412, 38, 46816),
(58, 1000, 283, 47, 57904),
(59, 889, 866, 50, 61600),
(60, 406, 673, 8, 9856),
(61, 220, 181, 19, 23408),
(62, 796, 926, 19, 23408),
(63, 301, 114, 40, 49280),
(64, 254, 720, 39, 48048),
(65, 838, 995, 6, 7392),
(66, 387, 986, 38, 46816),
(67, 386, 888, 36, 44352),
(68, 459, 14, 42, 51744),
(69, 512, 228, 5, 6160),
(70, 744, 627, 37, 45584),
(71, 603, 928, 31, 38192),
(72, 694, 58, 22, 27104),
(73, 323, 716, 11, 13552),
(74, 686, 611, 47, 57904),
(75, 27, 226, 7, 8624),
(76, 866, 5, 32, 39424),
(77, 399, 124, 25, 30800),
(78, 592, 169, 7, 8624),
(79, 948, 382, 35, 43120),
(80, 117, 232, 7, 8624),
(81, 359, 609, 2, 2464),
(82, 391, 615, 11, 13552),
(83, 727, 112, 1, 1232),
(84, 461, 626, 48, 59136),
(85, 86, 654, 48, 59136),
(86, 68, 622, 47, 57904),
(87, 800, 904, 18, 22176),
(88, 255, 925, 37, 45584),
(89, 763, 392, 6, 7392),
(90, 735, 214, 31, 38192),
(91, 725, 17, 29, 35728),
(92, 681, 315, 23, 28336),
(93, 753, 233, 2, 2464),
(94, 948, 316, 8, 9856),
(95, 980, 385, 23, 28336),
(96, 78, 600, 40, 49280),
(97, 210, 865, 20, 24640),
(98, 991, 694, 34, 41888),
(99, 215, 226, 44, 54208),
(100, 875, 217, 8, 9856),
(101, 403, 858, 2, 2464),
(102, 389, 326, 24, 29568),
(103, 652, 716, 48, 59136),
(104, 796, 382, 47, 57904),
(105, 512, 763, 14, 17248),
(106, 876, 923, 41, 50512),
(107, 843, 205, 12, 14784),
(108, 208, 900, 23, 28336),
(109, 76, 262, 42, 51744),
(110, 823, 450, 19, 23408),
(111, 498, 519, 15, 18480),
(112, 196, 275, 47, 57904),
(113, 524, 585, 48, 59136),
(114, 231, 219, 39, 48048),
(115, 667, 845, 17, 20944),
(116, 235, 952, 43, 52976),
(117, 299, 471, 22, 27104),
(118, 141, 569, 27, 33264),
(119, 729, 84, 45, 55440),
(120, 264, 166, 10, 12320),
(121, 252, 379, 25, 30800),
(122, 26, 15, 14, 17248),
(123, 708, 735, 22, 27104),
(124, 617, 891, 50, 61600),
(125, 943, 775, 2, 2464),
(126, 74, 801, 35, 43120),
(127, 739, 340, 48, 59136),
(128, 706, 957, 28, 34496),
(129, 18, 828, 35, 43120),
(130, 5, 838, 27, 33264),
(131, 522, 163, 14, 17248),
(132, 615, 210, 1, 1232),
(133, 755, 122, 42, 51744),
(134, 503, 798, 18, 22176),
(135, 372, 868, 7, 8624),
(136, 466, 333, 35, 43120),
(137, 74, 188, 36, 44352),
(138, 878, 662, 43, 52976),
(139, 754, 34, 16, 19712),
(140, 361, 26, 14, 17248),
(141, 925, 221, 47, 57904),
(142, 422, 110, 20, 24640),
(143, 652, 353, 20, 24640),
(144, 33, 413, 17, 20944),
(145, 602, 318, 12, 14784),
(146, 775, 252, 32, 39424),
(147, 242, 159, 26, 32032),
(148, 166, 370, 48, 59136),
(149, 684, 397, 40, 49280),
(150, 676, 474, 39, 48048),
(151, 41, 528, 40, 49280),
(152, 527, 958, 49, 60368),
(153, 824, 45, 34, 41888),
(154, 537, 48, 12, 14784),
(155, 704, 911, 11, 13552),
(156, 343, 343, 8, 9856),
(157, 890, 172, 20, 24640),
(158, 401, 508, 15, 18480),
(159, 699, 983, 32, 39424),
(160, 362, 311, 43, 52976),
(161, 434, 667, 37, 45584),
(162, 634, 817, 37, 45584),
(163, 167, 10, 5, 6160),
(164, 77, 142, 6, 7392),
(165, 104, 406, 16, 19712),
(166, 631, 916, 36, 44352),
(167, 368, 198, 36, 44352),
(168, 361, 136, 42, 51744),
(169, 677, 756, 13, 16016),
(170, 960, 618, 18, 22176),
(171, 853, 370, 31, 38192),
(172, 835, 493, 47, 57904),
(173, 63, 673, 39, 48048),
(174, 265, 765, 5, 6160),
(175, 330, 145, 26, 32032),
(176, 533, 674, 5, 6160),
(177, 611, 555, 24, 29568),
(178, 526, 533, 9, 11088),
(179, 958, 924, 46, 56672),
(180, 883, 1, 12, 14784),
(181, 999, 275, 12, 14784),
(182, 656, 865, 23, 28336),
(183, 268, 122, 7, 8624),
(184, 796, 412, 36, 44352),
(185, 46, 656, 41, 50512),
(186, 839, 540, 15, 18480),
(187, 993, 61, 23, 28336),
(188, 178, 795, 1, 1232),
(189, 534, 162, 27, 33264),
(190, 400, 729, 17, 20944),
(191, 468, 705, 9, 11088),
(192, 932, 515, 37, 45584),
(193, 937, 759, 21, 25872),
(194, 931, 933, 37, 45584),
(195, 535, 91, 50, 61600),
(196, 35, 249, 14, 17248),
(197, 874, 653, 28, 34496),
(198, 384, 599, 1, 1232),
(199, 333, 421, 12, 14784),
(200, 59, 80, 28, 34496),
(201, 149, 82, 37, 45584),
(202, 504, 284, 37, 45584),
(203, 682, 50, 40, 49280),
(204, 345, 250, 26, 32032),
(205, 572, 203, 27, 33264),
(206, 871, 149, 13, 16016),
(207, 619, 973, 44, 54208),
(208, 265, 734, 31, 38192),
(209, 993, 187, 6, 7392),
(210, 981, 425, 5, 6160),
(211, 220, 967, 44, 54208),
(212, 567, 396, 5, 6160),
(213, 183, 691, 33, 40656),
(214, 588, 789, 46, 56672),
(215, 79, 599, 32, 39424),
(216, 471, 978, 42, 51744),
(217, 465, 96, 46, 56672),
(218, 215, 948, 8, 9856),
(219, 218, 55, 18, 22176),
(220, 856, 160, 33, 40656),
(221, 824, 308, 20, 24640),
(222, 949, 200, 13, 16016),
(223, 516, 594, 21, 25872),
(224, 832, 758, 47, 57904),
(225, 326, 944, 24, 29568),
(226, 919, 784, 46, 56672),
(227, 288, 472, 3, 3696),
(228, 307, 341, 13, 16016),
(229, 663, 607, 38, 46816),
(230, 588, 101, 6, 7392),
(231, 349, 526, 9, 11088),
(232, 667, 974, 49, 60368),
(233, 231, 686, 14, 17248),
(234, 229, 400, 3, 3696),
(235, 284, 778, 36, 44352),
(236, 512, 183, 36, 44352),
(237, 968, 976, 22, 27104),
(238, 643, 656, 47, 57904),
(239, 266, 359, 7, 8624),
(240, 198, 469, 19, 23408),
(241, 124, 377, 27, 33264),
(242, 232, 183, 36, 44352),
(243, 444, 349, 32, 39424),
(244, 522, 511, 14, 17248),
(245, 190, 865, 11, 13552),
(246, 190, 49, 23, 28336),
(247, 296, 739, 21, 25872),
(248, 959, 244, 46, 56672),
(249, 230, 909, 44, 54208),
(250, 495, 276, 46, 56672),
(251, 571, 9, 27, 33264),
(252, 851, 856, 30, 36960),
(253, 367, 217, 32, 39424),
(254, 671, 915, 33, 40656),
(255, 112, 91, 22, 27104),
(256, 66, 251, 34, 41888),
(257, 852, 133, 1, 1232),
(258, 58, 344, 34, 41888),
(259, 716, 416, 16, 19712),
(260, 910, 581, 34, 41888),
(261, 18, 931, 31, 38192),
(262, 401, 218, 39, 48048),
(263, 842, 738, 21, 25872),
(264, 366, 929, 47, 57904),
(265, 995, 148, 45, 55440),
(266, 545, 821, 34, 41888),
(267, 2, 482, 16, 19712),
(268, 171, 377, 11, 13552),
(269, 273, 297, 42, 51744),
(270, 740, 108, 8, 9856),
(271, 840, 127, 10, 12320),
(272, 201, 219, 17, 20944),
(273, 902, 349, 19, 23408),
(274, 36, 350, 41, 50512),
(275, 532, 169, 5, 6160),
(276, 186, 216, 23, 28336),
(277, 109, 720, 16, 19712),
(278, 602, 234, 34, 41888),
(279, 775, 372, 46, 56672),
(280, 158, 666, 35, 43120),
(281, 245, 857, 1, 1232),
(282, 941, 73, 23, 28336),
(283, 112, 448, 9, 11088),
(284, 729, 426, 33, 40656),
(285, 269, 237, 15, 18480),
(286, 161, 142, 2, 2464),
(287, 107, 610, 20, 24640),
(288, 297, 794, 10, 12320),
(289, 371, 315, 37, 45584),
(290, 233, 277, 14, 17248),
(291, 286, 607, 16, 19712),
(292, 58, 341, 31, 38192),
(293, 84, 145, 13, 16016),
(294, 375, 431, 15, 18480),
(295, 558, 636, 1, 1232),
(296, 383, 766, 5, 6160),
(297, 97, 337, 31, 38192),
(298, 848, 329, 49, 60368),
(299, 883, 972, 38, 46816),
(300, 917, 343, 33, 40656),
(301, 760, 972, 41, 50512),
(302, 64, 188, 2, 2464),
(303, 674, 548, 19, 23408),
(304, 121, 551, 3, 3696),
(305, 874, 117, 45, 55440),
(306, 346, 56, 32, 39424),
(307, 820, 824, 31, 38192),
(308, 494, 543, 26, 32032),
(309, 798, 644, 37, 45584),
(310, 598, 88, 26, 32032),
(311, 943, 315, 9, 11088),
(312, 573, 591, 12, 14784),
(313, 786, 202, 49, 60368),
(314, 569, 320, 9, 11088),
(315, 877, 411, 21, 25872),
(316, 154, 470, 43, 52976),
(317, 965, 74, 49, 60368),
(318, 452, 962, 47, 57904),
(319, 777, 66, 36, 44352),
(320, 394, 314, 46, 56672),
(321, 600, 279, 41, 50512),
(322, 219, 113, 46, 56672),
(323, 5, 587, 29, 35728),
(324, 104, 935, 31, 38192),
(325, 169, 600, 36, 44352),
(326, 786, 539, 35, 43120),
(327, 584, 172, 15, 18480),
(328, 585, 546, 27, 33264),
(329, 721, 480, 46, 56672),
(330, 609, 782, 36, 44352),
(331, 217, 852, 41, 50512),
(332, 499, 325, 47, 57904),
(333, 628, 385, 2, 2464),
(334, 999, 832, 2, 2464),
(335, 596, 54, 6, 7392),
(336, 339, 609, 46, 56672),
(337, 398, 894, 45, 55440),
(338, 985, 648, 23, 28336),
(339, 337, 612, 46, 56672),
(340, 381, 261, 21, 25872),
(341, 658, 256, 21, 25872),
(342, 324, 649, 44, 54208),
(343, 875, 414, 47, 57904),
(344, 794, 216, 8, 9856),
(345, 831, 633, 42, 51744),
(346, 233, 809, 44, 54208),
(347, 927, 687, 50, 61600),
(348, 506, 915, 26, 32032),
(349, 765, 37, 19, 23408),
(350, 558, 499, 20, 24640),
(351, 83, 242, 26, 32032),
(352, 403, 1000, 31, 38192),
(353, 56, 247, 14, 17248),
(354, 268, 441, 5, 6160),
(355, 55, 341, 19, 23408),
(356, 630, 109, 12, 14784),
(357, 348, 84, 45, 55440),
(358, 46, 970, 6, 7392),
(359, 778, 50, 2, 2464),
(360, 106, 231, 27, 33264),
(361, 392, 768, 15, 18480),
(362, 731, 251, 34, 41888),
(363, 150, 885, 17, 20944),
(364, 931, 440, 38, 46816),
(365, 852, 866, 33, 40656),
(366, 377, 487, 32, 39424),
(367, 557, 870, 43, 52976),
(368, 323, 616, 44, 54208),
(369, 823, 796, 42, 51744),
(370, 645, 547, 45, 55440),
(371, 386, 993, 48, 59136),
(372, 131, 918, 2, 2464),
(373, 211, 100, 5, 6160),
(374, 717, 478, 45, 55440),
(375, 434, 599, 35, 43120),
(376, 807, 222, 22, 27104),
(377, 341, 15, 42, 51744),
(378, 278, 413, 22, 27104),
(379, 619, 114, 32, 39424),
(380, 100, 895, 38, 46816),
(381, 662, 564, 29, 35728),
(382, 163, 106, 34, 41888),
(383, 349, 579, 9, 11088),
(384, 443, 684, 34, 41888),
(385, 400, 866, 34, 41888),
(386, 803, 827, 10, 12320),
(387, 594, 17, 23, 28336),
(388, 41, 968, 40, 49280),
(389, 613, 358, 42, 51744),
(390, 415, 158, 42, 51744),
(391, 734, 406, 40, 49280),
(392, 851, 513, 44, 54208),
(393, 230, 709, 9, 11088),
(394, 260, 508, 17, 20944),
(395, 989, 633, 18, 22176),
(396, 759, 169, 38, 46816),
(397, 42, 648, 40, 49280),
(398, 773, 697, 48, 59136),
(399, 744, 968, 26, 32032),
(400, 527, 774, 33, 40656),
(401, 281, 589, 12, 14784),
(402, 307, 723, 39, 48048),
(403, 247, 637, 38, 46816),
(404, 785, 29, 36, 44352),
(405, 602, 398, 8, 9856),
(406, 771, 95, 31, 38192),
(407, 838, 431, 1, 1232),
(408, 406, 128, 34, 41888),
(409, 661, 202, 24, 29568),
(410, 584, 155, 17, 20944),
(411, 613, 979, 3, 3696),
(412, 969, 702, 1, 1232),
(413, 884, 325, 36, 44352),
(414, 151, 454, 48, 59136),
(415, 196, 487, 30, 36960),
(416, 285, 737, 20, 24640),
(417, 678, 384, 45, 55440),
(418, 250, 672, 39, 48048),
(419, 115, 938, 16, 19712),
(420, 173, 807, 29, 35728),
(421, 322, 287, 36, 44352),
(422, 690, 492, 36, 44352),
(423, 3, 412, 49, 60368),
(424, 759, 781, 3, 3696),
(425, 171, 102, 40, 49280),
(426, 1, 201, 46, 56672),
(427, 936, 217, 13, 16016),
(428, 294, 789, 24, 29568),
(429, 661, 707, 32, 39424),
(430, 150, 447, 38, 46816),
(431, 889, 548, 34, 41888),
(432, 56, 839, 21, 25872),
(433, 38, 773, 46, 56672),
(434, 889, 97, 43, 52976),
(435, 1, 198, 39, 48048),
(436, 546, 760, 27, 33264),
(437, 232, 186, 4, 4928),
(438, 911, 382, 20, 24640),
(439, 983, 340, 39, 48048),
(440, 380, 765, 17, 20944),
(441, 850, 632, 39, 48048),
(442, 245, 479, 1, 1232),
(443, 169, 309, 17, 20944),
(444, 82, 595, 22, 27104),
(445, 469, 45, 35, 43120),
(446, 547, 216, 26, 32032),
(447, 326, 618, 39, 48048),
(448, 998, 608, 3, 3696),
(449, 352, 872, 34, 41888),
(450, 794, 261, 22, 27104),
(451, 252, 640, 38, 46816),
(452, 443, 55, 19, 23408),
(453, 859, 208, 12, 14784),
(454, 806, 20, 14, 17248),
(455, 355, 678, 12, 14784),
(456, 999, 60, 37, 45584),
(457, 232, 59, 38, 46816),
(458, 325, 459, 17, 20944),
(459, 915, 261, 8, 9856),
(460, 206, 517, 43, 52976),
(461, 348, 867, 41, 50512),
(462, 625, 141, 32, 39424),
(463, 901, 609, 12, 14784),
(464, 398, 904, 9, 11088),
(465, 314, 75, 50, 61600),
(466, 906, 566, 12, 14784),
(467, 317, 271, 32, 39424),
(468, 554, 403, 29, 35728),
(469, 565, 196, 4, 4928),
(470, 196, 548, 23, 28336),
(471, 791, 859, 32, 39424),
(472, 159, 483, 38, 46816),
(473, 771, 521, 17, 20944),
(474, 435, 399, 49, 60368),
(475, 290, 533, 35, 43120),
(476, 396, 785, 29, 35728),
(477, 690, 364, 40, 49280),
(478, 338, 318, 33, 40656),
(479, 827, 2, 11, 13552),
(480, 252, 944, 8, 9856),
(481, 691, 823, 18, 22176),
(482, 481, 965, 15, 18480),
(483, 798, 577, 29, 35728),
(484, 212, 899, 24, 29568),
(485, 730, 960, 41, 50512),
(486, 745, 690, 31, 38192),
(487, 812, 975, 21, 25872),
(488, 37, 478, 46, 56672),
(489, 564, 466, 30, 36960),
(490, 800, 451, 13, 16016),
(491, 485, 856, 5, 6160),
(492, 121, 130, 20, 24640),
(493, 519, 707, 22, 27104),
(494, 298, 458, 35, 43120),
(495, 689, 332, 38, 46816),
(496, 339, 193, 9, 11088),
(497, 518, 219, 2, 2464),
(498, 449, 343, 36, 44352),
(499, 256, 336, 5, 6160),
(500, 695, 161, 48, 59136),
(501, 667, 510, 39, 48048),
(502, 225, 887, 34, 41888),
(503, 455, 307, 34, 41888),
(504, 708, 590, 10, 12320),
(505, 544, 292, 38, 46816),
(506, 672, 145, 36, 44352),
(507, 593, 902, 48, 59136),
(508, 241, 328, 23, 28336),
(509, 417, 721, 5, 6160),
(510, 559, 350, 22, 27104),
(511, 915, 879, 32, 39424),
(512, 737, 681, 22, 27104),
(513, 258, 627, 43, 52976),
(514, 740, 479, 42, 51744),
(515, 524, 796, 49, 60368),
(516, 457, 955, 5, 6160),
(517, 278, 97, 12, 14784),
(518, 176, 647, 1, 1232),
(519, 441, 746, 18, 22176),
(520, 479, 15, 46, 56672),
(521, 494, 574, 41, 50512),
(522, 911, 738, 29, 35728),
(523, 350, 201, 39, 48048),
(524, 166, 794, 49, 60368),
(525, 815, 680, 40, 49280),
(526, 11, 761, 4, 4928),
(527, 516, 657, 23, 28336),
(528, 336, 664, 39, 48048),
(529, 77, 290, 49, 60368),
(530, 197, 183, 50, 61600),
(531, 881, 651, 28, 34496),
(532, 797, 237, 41, 50512),
(533, 903, 522, 7, 8624),
(534, 704, 368, 12, 14784),
(535, 513, 396, 25, 30800),
(536, 316, 257, 43, 52976),
(537, 49, 632, 19, 23408),
(538, 143, 322, 39, 48048),
(539, 214, 442, 21, 25872),
(540, 496, 594, 11, 13552),
(541, 937, 816, 40, 49280),
(542, 49, 82, 15, 18480),
(543, 23, 140, 21, 25872),
(544, 423, 444, 14, 17248),
(545, 764, 722, 47, 57904),
(546, 672, 777, 33, 40656),
(547, 593, 567, 47, 57904),
(548, 475, 854, 13, 16016),
(549, 297, 632, 10, 12320),
(550, 363, 454, 50, 61600),
(551, 112, 732, 29, 35728),
(552, 15, 291, 42, 51744),
(553, 587, 727, 46, 56672),
(554, 291, 367, 27, 33264),
(555, 958, 627, 3, 3696),
(556, 238, 813, 48, 59136),
(557, 57, 21, 8, 9856),
(558, 737, 142, 45, 55440),
(559, 739, 236, 37, 45584),
(560, 428, 909, 34, 41888),
(561, 780, 501, 43, 52976),
(562, 533, 769, 12, 14784),
(563, 316, 66, 20, 24640),
(564, 89, 350, 1, 1232),
(565, 987, 895, 37, 45584),
(566, 161, 995, 30, 36960),
(567, 422, 251, 11, 13552),
(568, 602, 373, 9, 11088),
(569, 72, 501, 35, 43120),
(570, 779, 274, 7, 8624),
(571, 49, 801, 17, 20944),
(572, 824, 472, 47, 57904),
(573, 367, 191, 32, 39424),
(574, 502, 87, 23, 28336),
(575, 622, 270, 19, 23408),
(576, 371, 620, 21, 25872),
(577, 165, 955, 26, 32032),
(578, 131, 993, 7, 8624),
(579, 599, 301, 4, 4928),
(580, 727, 44, 11, 13552),
(581, 453, 810, 40, 49280),
(582, 410, 512, 48, 59136),
(583, 840, 403, 34, 41888),
(584, 508, 247, 29, 35728),
(585, 917, 385, 33, 40656),
(586, 493, 638, 10, 12320),
(587, 387, 450, 19, 23408),
(588, 648, 445, 7, 8624),
(589, 738, 730, 14, 17248),
(590, 14, 375, 30, 36960),
(591, 990, 574, 21, 25872),
(592, 297, 377, 6, 7392),
(593, 949, 52, 15, 18480),
(594, 678, 14, 22, 27104),
(595, 223, 511, 28, 34496),
(596, 616, 829, 37, 45584),
(597, 165, 556, 19, 23408),
(598, 416, 576, 31, 38192),
(599, 549, 835, 25, 30800),
(600, 220, 252, 40, 49280),
(601, 826, 837, 47, 57904),
(602, 4, 994, 7, 8624),
(603, 61, 572, 1, 1232),
(604, 455, 949, 20, 24640),
(605, 824, 59, 36, 44352),
(606, 852, 881, 1, 1232),
(607, 130, 964, 25, 30800),
(608, 286, 777, 29, 35728),
(609, 27, 766, 40, 49280),
(610, 457, 157, 13, 16016),
(611, 949, 917, 36, 44352),
(612, 102, 924, 26, 32032),
(613, 976, 557, 30, 36960),
(614, 766, 791, 40, 49280),
(615, 707, 220, 33, 40656),
(616, 212, 51, 22, 27104),
(617, 357, 300, 43, 52976),
(618, 469, 700, 28, 34496),
(619, 545, 996, 47, 57904),
(620, 766, 296, 7, 8624),
(621, 278, 481, 8, 9856),
(622, 82, 658, 46, 56672),
(623, 830, 810, 32, 39424),
(624, 417, 898, 19, 23408),
(625, 926, 520, 40, 49280),
(626, 150, 920, 25, 30800),
(627, 633, 85, 30, 36960),
(628, 804, 497, 33, 40656),
(629, 147, 707, 25, 30800),
(630, 34, 80, 8, 9856),
(631, 915, 711, 44, 54208),
(632, 601, 244, 9, 11088),
(633, 810, 457, 45, 55440),
(634, 195, 906, 33, 40656),
(635, 250, 814, 29, 35728),
(636, 604, 367, 46, 56672),
(637, 377, 62, 9, 11088),
(638, 405, 3, 19, 23408),
(639, 714, 856, 38, 46816),
(640, 37, 493, 42, 51744),
(641, 593, 561, 13, 16016),
(642, 645, 244, 9, 11088),
(643, 883, 674, 37, 45584),
(644, 215, 590, 48, 59136),
(645, 533, 189, 27, 33264),
(646, 362, 278, 2, 2464),
(647, 111, 271, 27, 33264),
(648, 667, 703, 36, 44352),
(649, 481, 606, 5, 6160),
(650, 199, 720, 28, 34496),
(651, 783, 216, 49, 60368),
(652, 206, 285, 17, 20944),
(653, 583, 870, 24, 29568),
(654, 918, 197, 25, 30800),
(655, 438, 958, 49, 60368),
(656, 196, 971, 29, 35728),
(657, 476, 194, 44, 54208),
(658, 990, 874, 27, 33264),
(659, 558, 302, 5, 6160),
(660, 512, 890, 25, 30800),
(661, 71, 910, 9, 11088),
(662, 573, 740, 43, 52976),
(663, 859, 390, 15, 18480),
(664, 709, 944, 25, 30800),
(665, 449, 918, 29, 35728),
(666, 637, 467, 19, 23408),
(667, 271, 398, 48, 59136),
(668, 860, 960, 18, 22176),
(669, 603, 351, 1, 1232),
(670, 662, 330, 21, 25872),
(671, 173, 348, 38, 46816),
(672, 239, 657, 34, 41888),
(673, 873, 86, 10, 12320),
(674, 945, 31, 31, 38192),
(675, 585, 613, 28, 34496),
(676, 950, 980, 42, 51744),
(677, 613, 838, 8, 9856),
(678, 568, 670, 27, 33264),
(679, 89, 27, 47, 57904),
(680, 874, 356, 17, 20944),
(681, 152, 688, 10, 12320),
(682, 894, 388, 7, 8624),
(683, 827, 947, 2, 2464),
(684, 378, 97, 43, 52976),
(685, 434, 99, 20, 24640),
(686, 386, 797, 11, 13552),
(687, 408, 565, 23, 28336),
(688, 47, 417, 4, 4928),
(689, 813, 975, 12, 14784),
(690, 96, 977, 3, 3696),
(691, 881, 84, 24, 29568),
(692, 397, 929, 10, 12320),
(693, 748, 983, 41, 50512),
(694, 256, 5, 47, 57904),
(695, 330, 41, 4, 4928),
(696, 614, 225, 49, 60368),
(697, 691, 933, 17, 20944),
(698, 281, 523, 23, 28336),
(699, 976, 400, 2, 2464),
(700, 491, 161, 2, 2464),
(701, 551, 448, 5, 6160),
(702, 707, 195, 40, 49280),
(703, 73, 23, 47, 57904),
(704, 159, 349, 25, 30800),
(705, 868, 27, 19, 23408),
(706, 678, 474, 24, 29568),
(707, 550, 683, 46, 56672),
(708, 813, 916, 16, 19712),
(709, 275, 392, 47, 57904),
(710, 50, 604, 44, 54208),
(711, 894, 518, 27, 33264),
(712, 788, 969, 37, 45584),
(713, 375, 183, 27, 33264),
(714, 58, 562, 40, 49280),
(715, 282, 681, 20, 24640),
(716, 911, 581, 45, 55440),
(717, 507, 640, 26, 32032),
(718, 605, 142, 5, 6160),
(719, 958, 477, 40, 49280),
(720, 772, 46, 3, 3696),
(721, 567, 820, 28, 34496),
(722, 540, 734, 1, 1232),
(723, 913, 111, 31, 38192),
(724, 59, 178, 40, 49280),
(725, 709, 299, 11, 13552),
(726, 531, 712, 21, 25872),
(727, 977, 402, 19, 23408),
(728, 815, 57, 13, 16016),
(729, 299, 149, 17, 20944),
(730, 727, 219, 46, 56672),
(731, 935, 175, 7, 8624),
(732, 885, 304, 49, 60368),
(733, 897, 419, 16, 19712),
(734, 770, 633, 5, 6160),
(735, 302, 41, 21, 25872),
(736, 635, 176, 35, 43120),
(737, 680, 801, 38, 46816),
(738, 390, 633, 49, 60368),
(739, 496, 74, 9, 11088),
(740, 162, 94, 43, 52976),
(741, 402, 592, 23, 28336),
(742, 554, 833, 42, 51744),
(743, 543, 104, 22, 27104),
(744, 3, 515, 42, 51744),
(745, 260, 688, 20, 24640),
(746, 653, 377, 26, 32032),
(747, 315, 133, 24, 29568),
(748, 555, 770, 5, 6160),
(749, 133, 926, 45, 55440),
(750, 531, 390, 29, 35728),
(751, 895, 811, 49, 60368),
(752, 457, 240, 25, 30800),
(753, 221, 992, 12, 14784),
(754, 515, 210, 39, 48048),
(755, 882, 753, 40, 49280),
(756, 700, 180, 33, 40656),
(757, 814, 620, 20, 24640),
(758, 201, 318, 4, 4928),
(759, 121, 935, 6, 7392),
(760, 539, 512, 6, 7392),
(761, 760, 138, 15, 18480),
(762, 491, 849, 27, 33264),
(763, 990, 705, 7, 8624),
(764, 914, 197, 24, 29568),
(765, 648, 379, 27, 33264),
(766, 922, 631, 6, 7392),
(767, 943, 935, 29, 35728),
(768, 524, 420, 15, 18480),
(769, 5, 211, 48, 59136),
(770, 518, 928, 28, 34496),
(771, 761, 393, 3, 3696),
(772, 175, 769, 27, 33264),
(773, 964, 586, 23, 28336),
(774, 526, 575, 14, 17248),
(775, 997, 52, 21, 25872),
(776, 584, 585, 33, 40656),
(777, 920, 684, 24, 29568),
(778, 376, 817, 12, 14784),
(779, 379, 321, 34, 41888),
(780, 376, 122, 42, 51744),
(781, 637, 713, 30, 36960),
(782, 879, 443, 36, 44352),
(783, 501, 326, 22, 27104),
(784, 419, 53, 16, 19712),
(785, 394, 255, 39, 48048),
(786, 860, 978, 27, 33264),
(787, 676, 68, 50, 61600),
(788, 28, 216, 34, 41888),
(789, 429, 255, 35, 43120),
(790, 499, 98, 38, 46816),
(791, 232, 266, 14, 17248),
(792, 604, 319, 48, 59136),
(793, 791, 81, 43, 52976),
(794, 983, 197, 34, 41888),
(795, 199, 629, 34, 41888),
(796, 165, 32, 48, 59136),
(797, 116, 273, 32, 39424),
(798, 845, 624, 10, 12320),
(799, 754, 648, 35, 43120),
(800, 112, 711, 6, 7392),
(801, 847, 512, 30, 36960),
(802, 608, 129, 21, 25872),
(803, 920, 883, 26, 32032),
(804, 369, 755, 3, 3696),
(805, 872, 649, 11, 13552),
(806, 178, 77, 40, 49280),
(807, 589, 123, 24, 29568),
(808, 529, 950, 41, 50512),
(809, 150, 911, 20, 24640),
(810, 769, 628, 18, 22176),
(811, 717, 461, 34, 41888),
(812, 383, 573, 12, 14784),
(813, 814, 56, 18, 22176),
(814, 974, 521, 14, 17248),
(815, 162, 488, 1, 1232),
(816, 846, 33, 3, 3696),
(817, 703, 757, 29, 35728),
(818, 530, 83, 14, 17248),
(819, 286, 249, 32, 39424),
(820, 269, 63, 45, 55440),
(821, 100, 356, 39, 48048),
(822, 850, 293, 19, 23408),
(823, 725, 602, 18, 22176),
(824, 486, 4, 15, 18480),
(825, 662, 659, 33, 40656),
(826, 211, 162, 9, 11088),
(827, 828, 329, 33, 40656),
(828, 437, 674, 50, 61600),
(829, 217, 481, 44, 54208),
(830, 16, 119, 25, 30800),
(831, 189, 335, 40, 49280),
(832, 553, 855, 25, 30800),
(833, 856, 96, 45, 55440),
(834, 961, 215, 47, 57904),
(835, 160, 932, 35, 43120),
(836, 793, 152, 37, 45584),
(837, 557, 484, 22, 27104),
(838, 568, 835, 6, 7392),
(839, 601, 536, 46, 56672),
(840, 62, 125, 49, 60368),
(841, 514, 34, 12, 14784),
(842, 652, 464, 18, 22176),
(843, 383, 849, 18, 22176),
(844, 16, 693, 1, 1232),
(845, 997, 67, 38, 46816),
(846, 581, 458, 37, 45584),
(847, 848, 340, 20, 24640),
(848, 337, 583, 18, 22176),
(849, 187, 487, 39, 48048),
(850, 178, 594, 21, 25872),
(851, 320, 365, 39, 48048),
(852, 76, 843, 24, 29568),
(853, 249, 765, 2, 2464),
(854, 739, 832, 38, 46816),
(855, 10, 748, 24, 29568),
(856, 64, 711, 4, 4928),
(857, 186, 482, 10, 12320),
(858, 440, 225, 48, 59136),
(859, 4, 578, 10, 12320),
(860, 118, 146, 38, 46816),
(861, 78, 329, 49, 60368),
(862, 662, 607, 27, 33264),
(863, 209, 445, 43, 52976),
(864, 748, 620, 21, 25872),
(865, 387, 735, 48, 59136),
(866, 114, 683, 6, 7392),
(867, 592, 872, 9, 11088),
(868, 917, 850, 8, 9856),
(869, 37, 167, 19, 23408),
(870, 600, 504, 50, 61600),
(871, 908, 98, 13, 16016),
(872, 510, 1000, 21, 25872),
(873, 732, 522, 49, 60368),
(874, 999, 622, 10, 12320),
(875, 748, 326, 15, 18480),
(876, 290, 643, 9, 11088),
(877, 383, 103, 15, 18480),
(878, 896, 169, 8, 9856),
(879, 404, 570, 30, 36960),
(880, 520, 379, 4, 4928),
(881, 208, 127, 32, 39424),
(882, 791, 221, 2, 2464),
(883, 942, 774, 20, 24640),
(884, 280, 60, 23, 28336),
(885, 81, 341, 23, 28336),
(886, 725, 431, 47, 57904),
(887, 847, 415, 13, 16016),
(888, 332, 127, 32, 39424),
(889, 632, 259, 22, 27104),
(890, 151, 824, 37, 45584),
(891, 233, 867, 47, 57904),
(892, 607, 65, 16, 19712),
(893, 634, 638, 48, 59136),
(894, 952, 521, 15, 18480),
(895, 38, 953, 28, 34496),
(896, 570, 408, 31, 38192),
(897, 816, 473, 19, 23408),
(898, 977, 514, 29, 35728),
(899, 27, 63, 30, 36960),
(900, 554, 785, 4, 4928),
(901, 917, 780, 45, 55440),
(902, 24, 687, 14, 17248),
(903, 308, 984, 47, 57904),
(904, 430, 846, 30, 36960),
(905, 504, 884, 40, 49280),
(906, 954, 35, 49, 60368),
(907, 579, 264, 43, 52976),
(908, 878, 195, 1, 1232),
(909, 775, 260, 23, 28336),
(910, 988, 726, 16, 19712),
(911, 531, 761, 11, 13552),
(912, 265, 526, 18, 22176),
(913, 40, 499, 5, 6160),
(914, 417, 925, 6, 7392),
(915, 585, 959, 4, 4928),
(916, 796, 556, 38, 46816),
(917, 591, 226, 1, 1232),
(918, 812, 992, 41, 50512),
(919, 417, 829, 17, 20944),
(920, 309, 343, 15, 18480),
(921, 404, 498, 2, 2464),
(922, 167, 404, 27, 33264),
(923, 524, 195, 4, 4928),
(924, 539, 553, 42, 51744),
(925, 915, 720, 29, 35728),
(926, 404, 724, 33, 40656),
(927, 900, 30, 8, 9856),
(928, 872, 16, 9, 11088),
(929, 609, 519, 33, 40656),
(930, 419, 119, 33, 40656),
(931, 969, 557, 11, 13552),
(932, 456, 681, 27, 33264),
(933, 230, 254, 13, 16016),
(934, 722, 750, 3, 3696),
(935, 621, 751, 18, 22176),
(936, 606, 817, 19, 23408),
(937, 731, 154, 47, 57904),
(938, 611, 742, 7, 8624),
(939, 633, 565, 6, 7392),
(940, 655, 193, 20, 24640),
(941, 478, 356, 19, 23408),
(942, 571, 963, 29, 35728),
(943, 195, 452, 37, 45584),
(944, 238, 749, 12, 14784),
(945, 125, 183, 25, 30800),
(946, 463, 225, 22, 27104),
(947, 590, 710, 8, 9856),
(948, 390, 428, 39, 48048),
(949, 45, 668, 19, 23408),
(950, 796, 881, 29, 35728),
(951, 227, 654, 21, 25872),
(952, 286, 953, 34, 41888),
(953, 687, 490, 13, 16016),
(954, 844, 740, 42, 51744),
(955, 705, 645, 47, 57904),
(956, 267, 176, 25, 30800),
(957, 741, 927, 23, 28336),
(958, 329, 265, 32, 39424),
(959, 937, 654, 42, 51744),
(960, 221, 745, 31, 38192),
(961, 826, 262, 42, 51744),
(962, 756, 814, 50, 61600),
(963, 17, 465, 35, 43120),
(964, 116, 229, 35, 43120),
(965, 379, 749, 44, 54208),
(966, 858, 689, 40, 49280),
(967, 276, 674, 5, 6160),
(968, 729, 249, 17, 20944),
(969, 221, 103, 16, 19712),
(970, 786, 155, 17, 20944),
(971, 766, 743, 7, 8624),
(972, 691, 730, 15, 18480),
(973, 378, 573, 10, 12320),
(974, 828, 225, 47, 57904),
(975, 545, 329, 30, 36960),
(976, 888, 983, 14, 17248),
(977, 578, 255, 33, 40656),
(978, 31, 700, 32, 39424),
(979, 213, 165, 30, 36960),
(980, 458, 293, 33, 40656),
(981, 68, 896, 22, 27104),
(982, 972, 45, 39, 48048),
(983, 545, 612, 12, 14784),
(984, 27, 505, 35, 43120),
(985, 906, 859, 30, 36960),
(986, 975, 851, 42, 51744),
(987, 147, 461, 36, 44352),
(988, 650, 310, 35, 43120),
(989, 889, 329, 41, 50512),
(990, 468, 403, 11, 13552),
(991, 652, 52, 48, 59136),
(992, 348, 869, 45, 55440),
(993, 948, 443, 50, 61600),
(994, 554, 436, 15, 18480),
(995, 184, 947, 11, 13552),
(996, 392, 641, 31, 38192),
(997, 643, 40, 2, 2464),
(998, 317, 344, 15, 18480),
(999, 614, 663, 28, 34496),
(1000, 492, 743, 47, 57904);

-- --------------------------------------------------------

--
-- Tablo için tablo yapısı `products`
--

DROP TABLE IF EXISTS `products`;
CREATE TABLE IF NOT EXISTS `products` (
  `productid` int NOT NULL AUTO_INCREMENT,
  `product_name` varchar(45) COLLATE utf8mb4_unicode_ci NOT NULL,
  `category` varchar(45) CHARACTER SET utf8mb4 COLLATE utf8mb4_unicode_ci NOT NULL,
  `unitprice` int NOT NULL,
  `cost` decimal(10,0) NOT NULL,
  PRIMARY KEY (`productid`)
) ENGINE=MyISAM AUTO_INCREMENT=1001 DEFAULT CHARSET=utf8mb4 COLLATE=utf8mb4_unicode_ci;

--
-- Tablo döküm verisi `products`
--

INSERT INTO `products` (`productid`, `product_name`, `category`, `unitprice`, `cost`) VALUES
(1, 'Cordless Hair Clipper', 'Home & Living', 3003, 210),
(2, 'Yoga Mat Non Slip', 'Sports Outdoor & Travel', 4243, 297),
(3, 'Educational Flash Cards', 'Mother Baby & Kids', 2245, 157),
(4, 'Educational Coding Kit', 'Mother Baby & Kids', 4865, 341),
(5, 'Cordless Hair Clipper', 'Home & Living', 1234, 86),
(6, 'Foldable Drone', 'Technology & Electronics', 3542, 248),
(7, 'Wool Scarf', 'Clothing & Fashion', 2057, 144),
(8, 'Robot Vacuum Cleaner', 'Home & Living', 1197, 84),
(9, 'USB Desk Fan', 'Home & Living', 4608, 323),
(10, 'Action Camera 4K', 'Technology & Electronics', 1879, 132),
(11, 'Camping Cookware Set', 'Sports Outdoor & Travel', 3983, 279),
(12, 'Wireless Charging Pad', 'Technology & Electronics', 2418, 169),
(13, 'Casual Hooded Sweatshirt', 'Clothing & Fashion', 1066, 75),
(14, 'Bamboo Cutting Board', 'Home & Living', 4965, 348),
(15, 'Hiking Trekking Poles', 'Sports Outdoor & Travel', 2556, 179),
(16, 'Vacuum Sealer Machine', 'Home & Living', 4342, 304),
(17, 'Bluetooth Sleep Headphones', 'Home & Living', 3697, 259),
(18, 'Smart Lock Keypad', 'Home & Living', 255, 18),
(19, 'Microwave Oven', 'Home & Living', 961, 67),
(20, 'Insulated Water Bottle', 'Sports Outdoor & Travel', 4358, 305),
(21, 'Smartphone Screen Protector', 'Technology & Electronics', 1029, 72),
(22, 'Kayak Single Sit-On-Top', 'Sports Outdoor & Travel', 3054, 214),
(23, 'LED Flashlight Rechargeable', 'Technology & Electronics', 850, 60),
(24, 'Hiking Trekking Poles', 'Sports Outdoor & Travel', 3893, 273),
(25, 'Adjustable Dumbbells', 'Sports Outdoor & Travel', 1417, 99),
(26, 'Portable Projector', 'Technology & Electronics', 4457, 312),
(27, 'Smart Thermostat', 'Home & Living', 4456, 312),
(28, 'Kayak Single Sit-On-Top', 'Sports Outdoor & Travel', 927, 65),
(29, 'Plush Teddy Bear', 'Mother Baby & Kids', 4878, 341),
(30, 'Swim Goggles Anti-Fog', 'Sports Outdoor & Travel', 4012, 281),
(31, 'Casual Hooded Sweatshirt', 'Clothing & Fashion', 3316, 232),
(32, 'Car Air Purifier', 'Automotive Accessories', 2618, 183),
(33, 'Car Vacuum Cleaner', 'Automotive Accessories', 755, 53),
(34, 'Kids Ride-On Toy', 'Mother Baby & Kids', 4977, 348),
(35, 'Sport Socks Pack', 'Clothing & Fashion', 1415, 99),
(36, 'Multi-Tool Pocket Knife', 'Sports Outdoor & Travel', 3220, 225),
(37, 'LED String Lights', 'Home & Living', 1205, 84),
(38, 'Portable SSD 1TB', 'Technology & Electronics', 2568, 180),
(39, 'Memory Foam Mattress', 'Home & Living', 1927, 135),
(40, 'Air Fryer XL', 'Home & Living', 997, 70),
(41, 'Decorative Wall Art', 'Home & Living', 4643, 325),
(42, 'Wireless Gaming Controller', 'Technology & Electronics', 415, 29),
(43, 'Espresso Coffee Machine', 'Home & Living', 1813, 127),
(44, 'Cast Iron Skillet', 'Home & Living', 1788, 125),
(45, 'Indoor Plant Stand', 'Garden & Hardware', 4015, 281),
(46, 'Wool Scarf', 'Clothing & Fashion', 4103, 287),
(47, 'Air Purifier', 'Home & Living', 2979, 209),
(48, 'Surfboard Beginner', 'Sports Outdoor & Travel', 2917, 204),
(49, 'Plush Teddy Bear', 'Mother Baby & Kids', 3778, 264),
(50, 'Smartwatch', 'Technology & Electronics', 772, 54),
(51, 'Bluetooth FM Transmitter', 'Automotive Accessories', 3104, 217),
(52, 'VR Headset', 'Technology & Electronics', 3422, 240),
(53, 'HDMI Cable 2M', 'Technology & Electronics', 1698, 119),
(54, 'Nonstick Cookware Set', 'Home & Living', 867, 61),
(55, 'Microwave Oven', 'Home & Living', 527, 37),
(56, 'Tactical Flashlight', 'Sports Outdoor & Travel', 1978, 138),
(57, 'Hammock Swing Chair', 'Garden & Hardware', 415, 29),
(58, 'Snorkeling Set Full', 'Sports Outdoor & Travel', 4657, 326),
(59, 'Educational Coding Kit', 'Mother Baby & Kids', 1917, 134),
(60, 'VR Headset', 'Technology & Electronics', 4935, 345),
(61, 'Smart Doorbell', 'Home & Living', 2511, 176),
(62, 'Hammock Swing Chair', 'Garden & Hardware', 2864, 200),
(63, 'Hammock Swing Chair', 'Garden & Hardware', 2518, 176),
(64, '4K UHD Monitor', 'Technology & Electronics', 3748, 262),
(65, 'Garden Hose Reel', 'Garden & Hardware', 4778, 334),
(66, 'USB-C Fast Charger', 'Technology & Electronics', 3753, 263),
(67, 'Hammock Swing Chair', 'Garden & Hardware', 1486, 104),
(68, 'Hand Mixer', 'Home & Living', 1405, 98),
(69, 'Electric Scooter', 'Sports Outdoor & Travel', 1819, 127),
(70, 'Wireless Gaming Controller', 'Technology & Electronics', 2396, 168),
(71, 'Slim Fit Jeans', 'Clothing & Fashion', 4804, 336),
(72, 'Tire Pressure Gauge', 'Automotive Accessories', 174, 12),
(73, 'Cast Iron Skillet', 'Home & Living', 2116, 148),
(74, 'Air Fryer XL', 'Home & Living', 3305, 231),
(75, 'Formal Dress Shirt', 'Clothing & Fashion', 4549, 318),
(76, 'Board Game Strategy', 'Mother Baby & Kids', 1023, 72),
(77, 'Denim Jacket Unisex', 'Clothing & Fashion', 3681, 258),
(78, 'Decorative Wall Art', 'Home & Living', 1809, 127),
(79, 'Kids Tablet Android', 'Mother Baby & Kids', 4690, 328),
(80, 'Outdoor Camping Tent', 'Sports Outdoor & Travel', 2811, 197),
(81, 'Slim Fit Jeans', 'Clothing & Fashion', 4311, 302),
(82, 'Car Phone Mount', 'Automotive Accessories', 4712, 330),
(83, 'Classic T-Shirt', 'Clothing & Fashion', 3552, 249),
(84, 'Men Running Shoes', 'Clothing & Fashion', 3894, 273),
(85, 'Laptop Cooling Pad', 'Technology & Electronics', 2908, 204),
(86, 'Cordless Hair Clipper', 'Home & Living', 3495, 245),
(87, 'BBQ Grill Gas', 'Garden & Hardware', 3778, 264),
(88, 'USB Hub 7 Ports', 'Technology & Electronics', 4049, 283),
(89, 'Girls Fashion Sneakers', 'Clothing & Fashion', 3643, 255),
(90, 'Dish Drying Rack', 'Home & Living', 1886, 132),
(91, 'Dash Mount Phone Holder', 'Automotive Accessories', 2022, 142),
(92, 'Hiking Trekking Poles', 'Sports Outdoor & Travel', 4932, 345),
(93, 'Childrens Story Book Set', 'Mother Baby & Kids', 3675, 257),
(94, 'Dish Drying Rack', 'Home & Living', 1477, 103),
(95, 'Mechanical Keyboard', 'Technology & Electronics', 3354, 235),
(96, 'Smart Bike Helmet', 'Sports Outdoor & Travel', 4128, 289),
(97, '4K UHD Monitor', 'Technology & Electronics', 1972, 138),
(98, 'Air Purifier', 'Home & Living', 927, 65),
(99, 'Kayak Single Sit-On-Top', 'Sports Outdoor & Travel', 1098, 77),
(100, 'Fitness Shorts Men', 'Clothing & Fashion', 1824, 128),
(101, 'Puzzle 1000 Pieces', 'Mother Baby & Kids', 3614, 253),
(102, 'Wireless Gaming Controller', 'Technology & Electronics', 4593, 322),
(103, 'Sunglasses Polarized', 'Clothing & Fashion', 1421, 99),
(104, 'Portable Projector', 'Technology & Electronics', 4876, 341),
(105, 'Scented Soy Candles', 'Home & Living', 971, 68),
(106, 'Wireless Gaming Controller', 'Technology & Electronics', 4626, 324),
(107, 'Electric Scooter', 'Sports Outdoor & Travel', 203, 14),
(108, 'Tactical Flashlight', 'Sports Outdoor & Travel', 3812, 267),
(109, 'Electric Griddle', 'Home & Living', 3249, 227),
(110, 'Leather Belt', 'Clothing & Fashion', 4582, 321),
(111, 'Travel Duffel Bag', 'Clothing & Fashion', 3041, 213),
(112, 'Tire Pressure Gauge', 'Automotive Accessories', 859, 60),
(113, 'Roof Cargo Box', 'Automotive Accessories', 4485, 314),
(114, 'Luggage Set 3pcs', 'Clothing & Fashion', 2573, 180),
(115, 'Noise Cancelling Headphones', 'Technology & Electronics', 1591, 111),
(116, 'Kids Tablet Android', 'Mother Baby & Kids', 2877, 201),
(117, 'Laptop Stand', 'Technology & Electronics', 2722, 191),
(118, 'Silicone Baking Mats', 'Home & Living', 3008, 211),
(119, 'Silicone Baking Mats', 'Home & Living', 3779, 265),
(120, 'Air Fryer XL', 'Home & Living', 2579, 181),
(121, 'Baby Monitor Video', 'Mother Baby & Kids', 2095, 147),
(122, 'Digital DSLR Camera', 'Technology & Electronics', 3397, 238),
(123, 'Nonstick Cookware Set', 'Home & Living', 4239, 297),
(124, 'Bamboo Cutting Board', 'Home & Living', 1647, 115),
(125, 'Waterproof Bluetooth Speaker', 'Technology & Electronics', 1365, 96),
(126, 'Men Running Shoes', 'Clothing & Fashion', 4356, 305),
(127, 'Smart Light Bulb', 'Home & Living', 1864, 130),
(128, 'Juicer Extractor', 'Home & Living', 4302, 301),
(129, 'Noise Cancelling Headphones', 'Technology & Electronics', 3710, 260),
(130, 'Rechargeable Hand Warmer', 'Sports Outdoor & Travel', 1523, 107),
(131, 'Bluetooth FM Transmitter', 'Automotive Accessories', 4371, 306),
(132, 'Surfboard Beginner', 'Sports Outdoor & Travel', 2933, 205),
(133, 'Smart Doorbell', 'Home & Living', 4826, 338),
(134, 'Inflatable Air Mattress', 'Sports Outdoor & Travel', 1274, 89),
(135, 'Smart Bike Helmet', 'Sports Outdoor & Travel', 3334, 233),
(136, 'Leather Wallet', 'Clothing & Fashion', 2710, 190),
(137, 'Bluetooth FM Transmitter', 'Automotive Accessories', 4748, 332),
(138, 'Smart Doorbell', 'Home & Living', 2081, 146),
(139, 'Car Jump Starter', 'Automotive Accessories', 3544, 248),
(140, 'Insulated Water Bottle', 'Sports Outdoor & Travel', 2573, 180),
(141, 'LED String Lights', 'Home & Living', 2045, 143),
(142, 'Wool Scarf', 'Clothing & Fashion', 2144, 150),
(143, 'Girls Fashion Sneakers', 'Clothing & Fashion', 196, 14),
(144, 'Tactical Flashlight', 'Sports Outdoor & Travel', 4397, 308),
(145, 'Blender Professional', 'Home & Living', 2173, 152),
(146, 'Dish Drying Rack', 'Home & Living', 3464, 242),
(147, 'Adjustable Dumbbells', 'Sports Outdoor & Travel', 3274, 229),
(148, 'Camping Cookware Set', 'Sports Outdoor & Travel', 4867, 341),
(149, 'Classic T-Shirt', 'Clothing & Fashion', 1248, 87),
(150, 'Robot Vacuum Cleaner', 'Home & Living', 1669, 117),
(151, 'Roof Cargo Box', 'Automotive Accessories', 3530, 247),
(152, 'Car Jump Starter', 'Automotive Accessories', 2947, 206),
(153, 'Slow Cooker', 'Home & Living', 2698, 189),
(154, 'Multi-Tool Pocket Knife', 'Sports Outdoor & Travel', 1360, 95),
(155, 'Tactical Flashlight', 'Sports Outdoor & Travel', 3122, 219),
(156, 'Slow Cooker', 'Home & Living', 1727, 121),
(157, 'Childrens Story Book Set', 'Mother Baby & Kids', 4788, 335),
(158, 'Camping Sleeping Bag', 'Sports Outdoor & Travel', 3711, 260),
(159, 'Hiking Backpack', 'Sports Outdoor & Travel', 1836, 129),
(160, 'Nonstick Cookware Set', 'Home & Living', 880, 62),
(161, 'Laptop Cooling Pad', 'Technology & Electronics', 2205, 154),
(162, 'Girls Fashion Sneakers', 'Clothing & Fashion', 3478, 243),
(163, 'Air Purifier', 'Home & Living', 3119, 218),
(164, 'Beach Umbrella', 'Garden & Hardware', 3468, 243),
(165, 'Camping Sleeping Bag', 'Sports Outdoor & Travel', 3964, 277),
(166, 'Smart TV 55 Inch', 'Technology & Electronics', 820, 57),
(167, 'Inflatable Air Mattress', 'Sports Outdoor & Travel', 1511, 106),
(168, 'Electric Bike Mountain', 'Sports Outdoor & Travel', 2550, 179),
(169, 'Home Security Camera', 'Technology & Electronics', 971, 68),
(170, 'Dash Cam Full HD', 'Automotive Accessories', 3916, 274),
(171, 'Wireless Earbuds', 'Technology & Electronics', 536, 38),
(172, 'Yoga Mat Non Slip', 'Sports Outdoor & Travel', 2952, 207),
(173, 'Board Game Strategy', 'Mother Baby & Kids', 1132, 79),
(174, 'Inflatable Air Mattress', 'Sports Outdoor & Travel', 2844, 199),
(175, 'Portable SSD 1TB', 'Technology & Electronics', 2583, 181),
(176, 'USB-C Fast Charger', 'Technology & Electronics', 3586, 251),
(177, 'Fitness Tracker Band', 'Sports Outdoor & Travel', 687, 48),
(178, 'BBQ Grill Gas', 'Garden & Hardware', 3927, 275),
(179, 'VR Headset', 'Technology & Electronics', 2797, 196),
(180, 'Powerbank 20000mAh', 'Technology & Electronics', 2739, 192),
(181, 'Pool Floats Set', 'Garden & Hardware', 2609, 183),
(182, 'Blender Professional', 'Home & Living', 1890, 132),
(183, 'Waterproof Bluetooth Speaker', 'Technology & Electronics', 765, 54),
(184, 'Wireless Charging Pad', 'Technology & Electronics', 4325, 303),
(185, 'Dash Cam Full HD', 'Automotive Accessories', 1093, 77),
(186, 'Cordless Hair Clipper', 'Home & Living', 2419, 169),
(187, 'Childrens Story Book Set', 'Mother Baby & Kids', 2978, 208),
(188, 'Wool Scarf', 'Clothing & Fashion', 3006, 210),
(189, 'Wool Scarf', 'Clothing & Fashion', 2764, 193),
(190, 'Hiking Trekking Poles', 'Sports Outdoor & Travel', 2496, 175),
(191, 'Indoor Plant Stand', 'Garden & Hardware', 4934, 345),
(192, 'Smart TV 55 Inch', 'Technology & Electronics', 810, 57),
(193, 'Beach Umbrella', 'Garden & Hardware', 4245, 297),
(194, 'Blender Professional', 'Home & Living', 3467, 243),
(195, 'Gaming Chair', 'Home & Living', 4787, 335),
(196, 'Stainless Steel Knife Set', 'Home & Living', 4730, 331),
(197, 'Adjustable High Chair', 'Mother Baby & Kids', 2607, 182),
(198, 'Digital DSLR Camera', 'Technology & Electronics', 2786, 195),
(199, 'Cordless Hair Clipper', 'Home & Living', 3293, 231),
(200, 'Dish Drying Rack', 'Home & Living', 3514, 246),
(201, 'Smartwatch', 'Technology & Electronics', 3553, 249),
(202, 'Camping Cookware Set', 'Sports Outdoor & Travel', 531, 37),
(203, 'Silicone Baking Mats', 'Home & Living', 4876, 341),
(204, 'Kids Water Toys', 'Mother Baby & Kids', 799, 56),
(205, 'Tire Pressure Gauge', 'Automotive Accessories', 838, 59),
(206, 'Pool Floats Set', 'Garden & Hardware', 540, 38),
(207, 'Tire Pressure Gauge', 'Automotive Accessories', 169, 12),
(208, 'Tablet Keyboard Case', 'Technology & Electronics', 4039, 283),
(209, 'Cordless Leaf Blower', 'Garden & Hardware', 3825, 268),
(210, 'Digital DSLR Camera', 'Technology & Electronics', 2663, 186),
(211, 'Foam Roller Set', 'Sports Outdoor & Travel', 4725, 331),
(212, 'Survival Gear Kit', 'Sports Outdoor & Travel', 800, 56),
(213, 'Gaming Mouse', 'Technology & Electronics', 2278, 159),
(214, 'Stainless Steel Knife Set', 'Home & Living', 1155, 81),
(215, 'Gaming Chair', 'Home & Living', 1784, 125),
(216, 'VR Headset', 'Technology & Electronics', 1595, 112),
(217, 'Fitness Tracker Band', 'Technology & Electronics', 4360, 305),
(218, 'Slow Cooker', 'Home & Living', 349, 24),
(219, 'Bluetooth Sleep Headphones', 'Home & Living', 1123, 79),
(220, 'Robot Vacuum Cleaner', 'Home & Living', 4399, 308),
(221, 'USB Desk Fan', 'Home & Living', 4959, 347),
(222, 'Smart Lock Keypad', 'Home & Living', 1698, 119),
(223, 'Foam Roller Set', 'Sports Outdoor & Travel', 3120, 218),
(224, 'Snorkeling Set Full', 'Sports Outdoor & Travel', 457, 32),
(225, 'Girls Fashion Sneakers', 'Clothing & Fashion', 3839, 269),
(226, 'Air Fryer XL', 'Home & Living', 2222, 156),
(227, 'Indoor Plant Stand', 'Garden & Hardware', 1893, 133),
(228, 'Wooden Coffee Table', 'Home & Living', 1298, 91),
(229, 'Knit Beanie Hat', 'Clothing & Fashion', 355, 25),
(230, 'Scented Soy Candles', 'Home & Living', 2824, 198),
(231, 'Hiking Backpack', 'Sports Outdoor & Travel', 968, 68),
(232, 'Memory Foam Mattress', 'Home & Living', 170, 12),
(233, 'Wool Scarf', 'Clothing & Fashion', 947, 66),
(234, 'Air Fryer XL', 'Home & Living', 3504, 245),
(235, 'Childrens Story Book Set', 'Mother Baby & Kids', 1432, 100),
(236, 'Kids Tablet Android', 'Mother Baby & Kids', 3074, 215),
(237, 'Yoga Mat Non Slip', 'Sports Outdoor & Travel', 3417, 239),
(238, 'Convertible Car Seat', 'Mother Baby & Kids', 4668, 327),
(239, 'Car Vacuum Cleaner', 'Automotive Accessories', 4411, 309),
(240, 'Car Jump Starter', 'Automotive Accessories', 2853, 200),
(241, 'Waterproof Bluetooth Speaker', 'Technology & Electronics', 1262, 88),
(242, 'Adjustable High Chair', 'Mother Baby & Kids', 3610, 253),
(243, 'Ceramic Space Heater', 'Home & Living', 789, 55),
(244, 'Adjustable High Chair', 'Mother Baby & Kids', 332, 23),
(245, 'Men Running Shoes', 'Clothing & Fashion', 464, 32),
(246, 'Foldable Drone', 'Technology & Electronics', 1691, 118),
(247, 'USB-C Fast Charger', 'Technology & Electronics', 567, 40),
(248, 'Foam Roller Set', 'Sports Outdoor & Travel', 4957, 347),
(249, 'Insulated Water Bottle', 'Sports Outdoor & Travel', 4272, 299),
(250, 'Sunglasses Polarized', 'Clothing & Fashion', 1035, 72),
(251, 'Wireless Gaming Controller', 'Technology & Electronics', 774, 54),
(252, 'Travel Duffel Bag', 'Clothing & Fashion', 4440, 311),
(253, 'Smart TV 55 Inch', 'Technology & Electronics', 2642, 185),
(254, 'Ceramic Space Heater', 'Home & Living', 114, 8),
(255, 'Wireless Earbuds', 'Technology & Electronics', 1617, 113),
(256, 'Pool Floats Set', 'Garden & Hardware', 542, 38),
(257, 'Electric Toothbrush', 'Home & Living', 2230, 156),
(258, 'Girls Fashion Sneakers', 'Clothing & Fashion', 4893, 343),
(259, 'Bluetooth FM Transmitter', 'Automotive Accessories', 766, 54),
(260, 'Dish Drying Rack', 'Home & Living', 2402, 168),
(261, 'Surfboard Beginner', 'Sports Outdoor & Travel', 3199, 224),
(262, 'Dash Mount Phone Holder', 'Automotive Accessories', 231, 16),
(263, 'Smart TV 55 Inch', 'Technology & Electronics', 317, 22),
(264, 'Kids Ride-On Toy', 'Mother Baby & Kids', 2635, 184),
(265, 'Mechanical Keyboard', 'Technology & Electronics', 1631, 114),
(266, 'Electric Pressure Washer', 'Garden & Hardware', 3160, 221),
(267, 'Leather Wallet', 'Clothing & Fashion', 4290, 300),
(268, 'Travel Duffel Bag', 'Clothing & Fashion', 4199, 294),
(269, 'Classic T-Shirt', 'Clothing & Fashion', 2799, 196),
(270, 'Leather Belt', 'Clothing & Fashion', 4599, 322),
(271, 'Ceramic Vase Pottery', 'Home & Living', 2129, 149),
(272, 'Stainless Steel Knife Set', 'Home & Living', 4914, 344),
(273, 'Classic T-Shirt', 'Clothing & Fashion', 1452, 102),
(274, 'Beach Umbrella', 'Garden & Hardware', 895, 63),
(275, 'Hiking Backpack', 'Sports Outdoor & Travel', 1175, 82),
(276, 'Baby Stroller Foldable', 'Mother Baby & Kids', 1705, 119),
(277, 'Smart Light Bulb', 'Home & Living', 4890, 342),
(278, 'Slow Cooker', 'Home & Living', 1377, 96),
(279, 'VR Headset', 'Technology & Electronics', 1825, 128),
(280, 'Smart Lock Keypad', 'Home & Living', 4927, 345),
(281, 'Tactical Flashlight', 'Sports Outdoor & Travel', 4701, 329),
(282, 'Multi-Tool Pocket Knife', 'Sports Outdoor & Travel', 4524, 317),
(283, 'Puzzle 1000 Pieces', 'Mother Baby & Kids', 2124, 149),
(284, 'Educational Flash Cards', 'Mother Baby & Kids', 3795, 266),
(285, 'USB-C Fast Charger', 'Technology & Electronics', 729, 51),
(286, 'Smartphone Screen Protector', 'Technology & Electronics', 3785, 265),
(287, 'Microwave Oven', 'Home & Living', 462, 32),
(288, 'Sunglasses Polarized', 'Clothing & Fashion', 1697, 119),
(289, 'Memory Foam Pillow', 'Home & Living', 1542, 108),
(290, 'Smart Light Bulb', 'Home & Living', 696, 49),
(291, 'Slow Cooker', 'Home & Living', 4771, 334),
(292, 'Tire Pressure Gauge', 'Automotive Accessories', 4270, 299),
(293, 'Nonstick Cookware Set', 'Home & Living', 2263, 158),
(294, 'Smartphone Screen Protector', 'Technology & Electronics', 695, 49),
(295, 'Snorkeling Set Full', 'Sports Outdoor & Travel', 278, 19),
(296, 'Swim Goggles Anti-Fog', 'Sports Outdoor & Travel', 178, 12),
(297, 'Golf Training Net', 'Sports Outdoor & Travel', 514, 36),
(298, 'Smart Doorbell', 'Home & Living', 3164, 221),
(299, 'Bamboo Cutting Board', 'Home & Living', 4364, 305),
(300, 'Juicer Extractor', 'Home & Living', 1689, 118),
(301, 'Leather Belt', 'Clothing & Fashion', 2445, 171),
(302, 'Surfboard Beginner', 'Sports Outdoor & Travel', 3072, 215),
(303, 'Leather Belt', 'Clothing & Fashion', 1073, 75),
(304, 'Wireless Gaming Controller', 'Technology & Electronics', 2424, 170),
(305, 'Silicone Baking Mats', 'Home & Living', 1983, 139),
(306, 'Kids Ride-On Toy', 'Mother Baby & Kids', 4292, 300),
(307, 'Wooden Coffee Table', 'Home & Living', 3597, 252),
(308, 'Electric Pressure Washer', 'Garden & Hardware', 1859, 130),
(309, 'Knit Beanie Hat', 'Clothing & Fashion', 1510, 106),
(310, 'Trail Running Shoes', 'Clothing & Fashion', 1685, 118),
(311, 'Bluetooth Car Adapter', 'Automotive Accessories', 746, 52),
(312, 'Fitness Tracker Band', 'Sports Outdoor & Travel', 1318, 92),
(313, 'Inflatable Pool', 'Garden & Hardware', 2657, 186),
(314, 'Kayak Single Sit-On-Top', 'Sports Outdoor & Travel', 4573, 320),
(315, 'Electric Kettle', 'Home & Living', 2813, 197),
(316, 'Leather Wallet', 'Clothing & Fashion', 1947, 136),
(317, 'Car Vacuum Cleaner', 'Automotive Accessories', 222, 16),
(318, 'Bluetooth FM Transmitter', 'Automotive Accessories', 1935, 135),
(319, 'Roof Cargo Box', 'Automotive Accessories', 599, 42),
(320, 'Foldable Drone', 'Technology & Electronics', 2949, 206),
(321, 'Laptop Cooling Pad', 'Technology & Electronics', 1330, 93),
(322, 'Noise Cancelling Headphones', 'Technology & Electronics', 3464, 242),
(323, 'Car Jump Starter', 'Automotive Accessories', 4005, 280),
(324, 'Home Security Camera', 'Technology & Electronics', 2998, 210),
(325, 'Espresso Coffee Machine', 'Home & Living', 3221, 225),
(326, 'Car Air Purifier', 'Automotive Accessories', 2473, 173),
(327, 'Kayak Single Sit-On-Top', 'Sports Outdoor & Travel', 2878, 201),
(328, 'Nonstick Cookware Set', 'Home & Living', 4027, 282),
(329, 'USB-C Fast Charger', 'Technology & Electronics', 3776, 264),
(330, 'Foam Roller Set', 'Sports Outdoor & Travel', 4907, 343),
(331, 'Dash Cam Full HD', 'Automotive Accessories', 3359, 235),
(332, 'Tablet Keyboard Case', 'Technology & Electronics', 1435, 100),
(333, 'Golf Training Net', 'Sports Outdoor & Travel', 2035, 142),
(334, 'Educational Coding Kit', 'Mother Baby & Kids', 2311, 162),
(335, 'Kids Water Toys', 'Mother Baby & Kids', 3348, 234),
(336, 'Smart Thermostat', 'Home & Living', 4515, 316),
(337, 'Inflatable Pool', 'Garden & Hardware', 3816, 267),
(338, 'Digital DSLR Camera', 'Technology & Electronics', 578, 40),
(339, 'VR Headset', 'Technology & Electronics', 1416, 99),
(340, 'Leather Wallet', 'Clothing & Fashion', 3474, 243),
(341, 'Kids Tablet Android', 'Mother Baby & Kids', 1779, 125),
(342, 'Baby Monitor Video', 'Mother Baby & Kids', 4613, 323),
(343, 'Electric Griddle', 'Home & Living', 4188, 293),
(344, 'Car Air Purifier', 'Automotive Accessories', 4569, 320),
(345, 'Waterproof Bluetooth Speaker', 'Technology & Electronics', 1385, 97),
(346, 'Portable Car Battery Charger', 'Automotive Accessories', 3769, 264),
(347, 'Noise Isolating Earphones', 'Sports Outdoor & Travel', 880, 62),
(348, 'Action Camera 4K', 'Technology & Electronics', 1725, 121),
(349, 'Electric Toothbrush', 'Home & Living', 3693, 259),
(350, 'Ceramic Vase Pottery', 'Home & Living', 2317, 162),
(351, 'LED Desk Lamp', 'Home & Living', 1281, 90),
(352, 'Patio Outdoor Furniture Set', 'Garden & Hardware', 625, 44),
(353, 'Wool Scarf', 'Clothing & Fashion', 4804, 336),
(354, 'Survival Gear Kit', 'Sports Outdoor & Travel', 677, 47),
(355, 'LED String Lights', 'Home & Living', 4850, 340),
(356, 'Smart Light Bulb', 'Home & Living', 195, 14),
(357, 'Car Jump Starter', 'Automotive Accessories', 2133, 149),
(358, 'Bamboo Cutting Board', 'Home & Living', 1516, 106),
(359, 'Electric Scooter', 'Sports Outdoor & Travel', 4120, 288),
(360, 'Refrigerator Water Dispenser', 'Home & Living', 280, 20),
(361, 'Sunglasses Polarized', 'Clothing & Fashion', 1355, 95),
(362, 'Rice Cooker', 'Home & Living', 1658, 116),
(363, 'Wool Scarf', 'Clothing & Fashion', 3741, 262),
(364, 'Travel Duffel Bag', 'Clothing & Fashion', 2286, 160),
(365, 'Insulated Water Bottle', 'Sports Outdoor & Travel', 3993, 280),
(366, 'BBQ Grill Gas', 'Garden & Hardware', 2654, 186),
(367, 'Cordless Leaf Blower', 'Garden & Hardware', 3848, 269),
(368, 'LED Desk Lamp', 'Home & Living', 2477, 173),
(369, 'Formal Dress Shirt', 'Clothing & Fashion', 3885, 272),
(370, 'Smartwatch', 'Technology & Electronics', 852, 60),
(371, 'Electric Scooter', 'Sports Outdoor & Travel', 4712, 330),
(372, 'Educational Coding Kit', 'Mother Baby & Kids', 210, 15),
(373, 'Puzzle 1000 Pieces', 'Mother Baby & Kids', 3119, 218),
(374, 'Classic T-Shirt', 'Clothing & Fashion', 1141, 80),
(375, 'Formal Dress Shirt', 'Clothing & Fashion', 4995, 350),
(376, 'Convertible Car Seat', 'Mother Baby & Kids', 2124, 149),
(377, 'Multi-Tool Pocket Knife', 'Sports Outdoor & Travel', 3340, 234),
(378, 'Tire Pressure Gauge', 'Automotive Accessories', 2923, 205),
(379, 'Slim Fit Jeans', 'Clothing & Fashion', 2972, 208),
(380, 'Car Vacuum Cleaner', 'Automotive Accessories', 4784, 335),
(381, 'Laptop Cooling Pad', 'Technology & Electronics', 4935, 345),
(382, 'Kids Water Toys', 'Mother Baby & Kids', 4945, 346),
(383, 'Men Running Shoes', 'Clothing & Fashion', 2760, 193),
(384, 'Wooden Coffee Table', 'Home & Living', 635, 44),
(385, 'Blender Professional', 'Home & Living', 1612, 113),
(386, 'LED String Lights', 'Home & Living', 1507, 105),
(387, 'Survival Gear Kit', 'Sports Outdoor & Travel', 2007, 140),
(388, 'Smart Bike Helmet', 'Sports Outdoor & Travel', 4337, 304),
(389, 'Bamboo Cutting Board', 'Home & Living', 3800, 266),
(390, 'LED Desk Lamp', 'Home & Living', 1382, 97),
(391, 'Kayak Single Sit-On-Top', 'Sports Outdoor & Travel', 717, 50),
(392, 'Plant Watering System', 'Garden & Hardware', 4026, 282),
(393, 'USB Desk Fan', 'Home & Living', 4054, 284),
(394, 'Mechanical Keyboard', 'Technology & Electronics', 998, 70),
(395, 'Insulated Water Bottle', 'Sports Outdoor & Travel', 1552, 109),
(396, 'Laptop Backpack', 'Clothing & Fashion', 3756, 263),
(397, 'Bamboo Cutting Board', 'Home & Living', 3071, 215),
(398, 'Gaming Mouse', 'Technology & Electronics', 824, 58),
(399, 'Air Purifier', 'Home & Living', 2470, 173),
(400, 'Vacuum Sealer Machine', 'Home & Living', 3592, 251),
(401, 'Vacuum Sealer Machine', 'Home & Living', 4305, 301),
(402, 'Yoga Pants Women', 'Clothing & Fashion', 1292, 90),
(403, 'Smart Bike Helmet', 'Sports Outdoor & Travel', 4747, 332),
(404, 'Ceramic Space Heater', 'Home & Living', 634, 44),
(405, 'Indoor Plant Stand', 'Garden & Hardware', 4982, 349),
(406, 'Portable SSD 1TB', 'Technology & Electronics', 3210, 225),
(407, 'LED String Lights', 'Home & Living', 2918, 204),
(408, 'Gaming Mouse', 'Technology & Electronics', 2194, 154),
(409, 'Ceramic Vase Pottery', 'Home & Living', 4063, 284),
(410, 'Solar Power Bank', 'Technology & Electronics', 918, 64),
(411, 'Girls Fashion Sneakers', 'Clothing & Fashion', 3480, 244),
(412, 'HD Web Camera', 'Technology & Electronics', 2255, 158),
(413, 'Fitness Tracker Band', 'Sports Outdoor & Travel', 3425, 240),
(414, 'Hiking Backpack', 'Sports Outdoor & Travel', 2628, 184),
(415, 'Baby Stroller Foldable', 'Mother Baby & Kids', 169, 12),
(416, 'Pool Floats Set', 'Garden & Hardware', 4134, 289),
(417, 'Car Air Purifier', 'Automotive Accessories', 1162, 81),
(418, 'Wireless Bluetooth Speaker', 'Technology & Electronics', 4306, 301),
(419, 'Patio Outdoor Furniture Set', 'Garden & Hardware', 1029, 72),
(420, 'Stainless Steel Knife Set', 'Home & Living', 1163, 81),
(421, 'Hammock Swing Chair', 'Garden & Hardware', 4264, 298),
(422, 'Smart Thermostat', 'Home & Living', 2008, 141),
(423, 'Nonstick Cookware Set', 'Home & Living', 368, 26),
(424, 'Educational Coding Kit', 'Mother Baby & Kids', 741, 52),
(425, 'Solar Power Bank', 'Technology & Electronics', 4581, 321),
(426, 'Car Jump Starter', 'Automotive Accessories', 3272, 229),
(427, 'BBQ Grill Gas', 'Garden & Hardware', 347, 24),
(428, 'Baby Stroller Foldable', 'Mother Baby & Kids', 3036, 213),
(429, 'Tactical Flashlight', 'Sports Outdoor & Travel', 311, 22),
(430, 'HD Web Camera', 'Technology & Electronics', 2420, 169),
(431, 'Foldable Drone', 'Technology & Electronics', 2472, 173),
(432, 'BBQ Grill Gas', 'Garden & Hardware', 4157, 291),
(433, 'LED Desk Lamp', 'Home & Living', 4627, 324),
(434, 'Wool Scarf', 'Clothing & Fashion', 4828, 338),
(435, 'HDMI Cable 2M', 'Technology & Electronics', 4249, 297),
(436, 'Sport Socks Pack', 'Clothing & Fashion', 4512, 316),
(437, 'Dish Drying Rack', 'Home & Living', 1046, 73),
(438, 'Espresso Coffee Machine', 'Home & Living', 929, 65),
(439, 'Fitness Tracker Band', 'Sports Outdoor & Travel', 2028, 142),
(440, 'Juicer Extractor', 'Home & Living', 3884, 272),
(441, 'Mechanical Keyboard', 'Technology & Electronics', 4959, 347),
(442, 'Baby Monitor Video', 'Mother Baby & Kids', 4040, 283),
(443, 'Hiking Trekking Poles', 'Sports Outdoor & Travel', 4742, 332),
(444, 'Denim Jacket Unisex', 'Clothing & Fashion', 1135, 79),
(445, 'Bluetooth Sleep Headphones', 'Home & Living', 4581, 321),
(446, 'Adjustable High Chair', 'Mother Baby & Kids', 1098, 77),
(447, 'Electric Bike Mountain', 'Sports Outdoor & Travel', 2851, 200),
(448, 'Laptop Cooling Pad', 'Technology & Electronics', 4973, 348),
(449, 'Laptop Stand', 'Technology & Electronics', 2122, 149),
(450, 'Insulated Water Bottle', 'Sports Outdoor & Travel', 4634, 324),
(451, 'Classic T-Shirt', 'Clothing & Fashion', 1400, 98),
(452, 'Indoor Plant Stand', 'Garden & Hardware', 4566, 320),
(453, 'Educational Flash Cards', 'Mother Baby & Kids', 577, 40),
(454, 'Smart Light Bulb', 'Home & Living', 3475, 243),
(455, 'Baby Monitor Video', 'Mother Baby & Kids', 4939, 346),
(456, 'Casual Hooded Sweatshirt', 'Clothing & Fashion', 4111, 288),
(457, 'Pool Floats Set', 'Garden & Hardware', 971, 68),
(458, 'Garden Hose Reel', 'Garden & Hardware', 4144, 290),
(459, '4K UHD Monitor', 'Technology & Electronics', 1383, 97),
(460, 'Espresso Coffee Machine', 'Home & Living', 4302, 301),
(461, 'Wireless Earbuds', 'Technology & Electronics', 606, 42),
(462, 'Microwave Oven', 'Home & Living', 1903, 133),
(463, 'Blender Professional', 'Home & Living', 2338, 164),
(464, 'Foam Roller Set', 'Sports Outdoor & Travel', 4082, 286),
(465, 'Car Air Purifier', 'Automotive Accessories', 1785, 125),
(466, 'Portable SSD 1TB', 'Technology & Electronics', 1580, 111),
(467, 'Outdoor Sunglasses', 'Clothing & Fashion', 2433, 170),
(468, 'Camping Cookware Set', 'Sports Outdoor & Travel', 665, 47),
(469, 'Refrigerator Water Dispenser', 'Home & Living', 1646, 115),
(470, 'Decorative Wall Art', 'Home & Living', 812, 57),
(471, 'Leather Belt', 'Clothing & Fashion', 757, 53),
(472, 'Waterproof Bluetooth Speaker', 'Technology & Electronics', 2650, 186),
(473, 'BBQ Grill Gas', 'Garden & Hardware', 2930, 205),
(474, 'Hiking Trekking Poles', 'Sports Outdoor & Travel', 2001, 140),
(475, 'USB Hub 7 Ports', 'Technology & Electronics', 3934, 275),
(476, 'Tire Pressure Gauge', 'Automotive Accessories', 3667, 257),
(477, 'Smart Doorbell', 'Home & Living', 1756, 123),
(478, 'Laptop Cooling Pad', 'Technology & Electronics', 2750, 193),
(479, 'Smartwatch', 'Technology & Electronics', 2820, 197),
(480, 'Smartphone Screen Protector', 'Technology & Electronics', 225, 16),
(481, 'Dish Drying Rack', 'Home & Living', 2855, 200),
(482, 'Travel Duffel Bag', 'Clothing & Fashion', 2987, 209),
(483, 'Dish Drying Rack', 'Home & Living', 2555, 179),
(484, 'Kids Ride-On Toy', 'Mother Baby & Kids', 254, 18),
(485, '4K UHD Monitor', 'Technology & Electronics', 4706, 329),
(486, 'Cordless Leaf Blower', 'Garden & Hardware', 668, 47),
(487, 'Action Camera 4K', 'Technology & Electronics', 2323, 163),
(488, 'Car Phone Mount', 'Automotive Accessories', 1079, 76),
(489, 'Garden Hose Reel', 'Garden & Hardware', 4918, 344),
(490, 'Surfboard Beginner', 'Sports Outdoor & Travel', 3416, 239),
(491, 'LED Desk Lamp', 'Home & Living', 2536, 178),
(492, 'Smart Doorbell', 'Home & Living', 2464, 172),
(493, 'Formal Dress Shirt', 'Clothing & Fashion', 3655, 256),
(494, 'Indoor Plant Stand', 'Garden & Hardware', 1745, 122),
(495, 'Swim Goggles Anti-Fog', 'Sports Outdoor & Travel', 1878, 131),
(496, 'Tennis Racket Graphite', 'Sports Outdoor & Travel', 751, 53),
(497, 'Tire Pressure Gauge', 'Automotive Accessories', 3799, 266),
(498, 'Inflatable Air Mattress', 'Sports Outdoor & Travel', 1051, 74),
(499, 'Pool Floats Set', 'Garden & Hardware', 1768, 124),
(500, 'Foam Roller Set', 'Sports Outdoor & Travel', 1458, 102),
(501, 'Hiking Trekking Poles', 'Sports Outdoor & Travel', 1111, 78),
(502, 'Laptop Backpack', 'Clothing & Fashion', 2372, 166),
(503, 'Wireless Bluetooth Speaker', 'Technology & Electronics', 1323, 93),
(504, 'Fitness Tracker Band', 'Sports Outdoor & Travel', 3554, 249),
(505, 'Indoor Plant Stand', 'Garden & Hardware', 4110, 288),
(506, 'Outdoor Sunglasses', 'Clothing & Fashion', 1315, 92),
(507, 'Portable SSD 1TB', 'Technology & Electronics', 848, 59),
(508, 'Bluetooth Sleep Headphones', 'Home & Living', 3153, 221),
(509, 'Toddler Building Blocks', 'Mother Baby & Kids', 3026, 212),
(510, 'Classic T-Shirt', 'Clothing & Fashion', 3716, 260),
(511, 'Camping Sleeping Bag', 'Sports Outdoor & Travel', 4643, 325),
(512, 'Tire Pressure Gauge', 'Automotive Accessories', 304, 21),
(513, 'Travel Duffel Bag', 'Clothing & Fashion', 1290, 90),
(514, 'Classic T-Shirt', 'Clothing & Fashion', 4346, 304),
(515, 'Wireless Bluetooth Speaker', 'Technology & Electronics', 1999, 140),
(516, 'Tennis Racket Graphite', 'Sports Outdoor & Travel', 3507, 245),
(517, 'Bluetooth Car Adapter', 'Automotive Accessories', 4145, 290),
(518, 'GPS Tracker Device', 'Technology & Electronics', 1318, 92),
(519, 'Laptop Cooling Pad', 'Technology & Electronics', 4629, 324),
(520, 'Car Vacuum Cleaner', 'Automotive Accessories', 353, 25),
(521, 'Mechanical Keyboard', 'Technology & Electronics', 4665, 327),
(522, 'Cordless Leaf Blower', 'Garden & Hardware', 4678, 327),
(523, 'Formal Dress Shirt', 'Clothing & Fashion', 3003, 210),
(524, 'Golf Training Net', 'Sports Outdoor & Travel', 1865, 131),
(525, 'Smart Light Bulb', 'Home & Living', 4825, 338),
(526, 'Inflatable Air Mattress', 'Sports Outdoor & Travel', 1781, 125),
(527, 'USB-C Fast Charger', 'Technology & Electronics', 1171, 82),
(528, 'Casual Hooded Sweatshirt', 'Clothing & Fashion', 4204, 294),
(529, 'Knit Beanie Hat', 'Clothing & Fashion', 3776, 264),
(530, 'Car Vacuum Cleaner', 'Automotive Accessories', 4926, 345),
(531, 'Hiking Trekking Poles', 'Sports Outdoor & Travel', 4195, 294),
(532, 'LED Flashlight Rechargeable', 'Technology & Electronics', 1463, 102),
(533, 'Portable Projector', 'Technology & Electronics', 2703, 189),
(534, 'Adjustable Dumbbells', 'Sports Outdoor & Travel', 370, 26),
(535, 'Portable Projector', 'Technology & Electronics', 3056, 214),
(536, 'Indoor Plant Stand', 'Garden & Hardware', 3434, 240),
(537, 'Leather Belt', 'Clothing & Fashion', 4397, 308),
(538, 'Portable SSD 1TB', 'Technology & Electronics', 2569, 180),
(539, 'Mechanical Keyboard', 'Technology & Electronics', 1796, 126),
(540, 'Pool Floats Set', 'Garden & Hardware', 174, 12),
(541, 'Snorkeling Set Full', 'Sports Outdoor & Travel', 4843, 339),
(542, 'Camping Cookware Set', 'Sports Outdoor & Travel', 1269, 89),
(543, 'Microwave Oven', 'Home & Living', 546, 38),
(544, 'Inflatable Air Mattress', 'Sports Outdoor & Travel', 2871, 201),
(545, 'Electric Griddle', 'Home & Living', 3869, 271),
(546, 'Smart Bike Helmet', 'Sports Outdoor & Travel', 4114, 288),
(547, 'Travel Duffel Bag', 'Clothing & Fashion', 4657, 326),
(548, 'Digital DSLR Camera', 'Technology & Electronics', 3186, 223),
(549, 'Tablet Keyboard Case', 'Technology & Electronics', 2519, 176),
(550, 'Solar Power Bank', 'Technology & Electronics', 3927, 275),
(551, 'Children\'s Story Book Set', 'Mother Baby & Kids', 2786, 195),
(552, 'Smart Bike Helmet', 'Sports Outdoor & Travel', 2117, 148),
(553, 'Inflatable Air Mattress', 'Sports Outdoor & Travel', 3144, 220),
(554, 'Nonstick Cookware Set', 'Home & Living', 2050, 144),
(555, 'Smart Bike Helmet', 'Sports Outdoor & Travel', 4852, 340),
(556, 'Vacuum Sealer Machine', 'Home & Living', 2800, 196),
(557, 'Espresso Coffee Machine', 'Home & Living', 2905, 203),
(558, 'Yoga Pants Women', 'Clothing & Fashion', 4042, 283),
(559, 'Leather Wallet', 'Clothing & Fashion', 1159, 81),
(560, 'Hand Mixer', 'Home & Living', 3062, 214),
(561, 'Noise Isolating Earphones', 'Sports Outdoor & Travel', 3903, 273),
(562, 'Memory Foam Pillow', 'Home & Living', 1499, 105),
(563, 'Waterproof Bluetooth Speaker', 'Technology & Electronics', 3507, 245),
(564, 'Lawn Mower Electric', 'Garden & Hardware', 4489, 314),
(565, 'Kids Tablet Android', 'Mother Baby & Kids', 2577, 180),
(566, 'Waterproof Bluetooth Speaker', 'Technology & Electronics', 1225, 86),
(567, 'GPS Tracker Device', 'Technology & Electronics', 1604, 112),
(568, 'Adjustable Dumbbells', 'Sports Outdoor & Travel', 1964, 137),
(569, 'Surfboard Beginner', 'Sports Outdoor & Travel', 600, 42),
(570, 'Trail Running Shoes', 'Clothing & Fashion', 4480, 314),
(571, 'Rechargeable Hand Warmer', 'Sports Outdoor & Travel', 3446, 241),
(572, 'Ceramic Vase Pottery', 'Home & Living', 3866, 271),
(573, 'Casual Hooded Sweatshirt', 'Clothing & Fashion', 2104, 147),
(574, 'Smart Bike Helmet', 'Sports Outdoor & Travel', 3580, 251),
(575, 'Rechargeable Hand Warmer', 'Sports Outdoor & Travel', 2445, 171),
(576, 'Action Camera 4K', 'Technology & Electronics', 2569, 180),
(577, 'Inflatable Pool', 'Garden & Hardware', 1091, 76),
(578, 'Slim Fit Jeans', 'Clothing & Fashion', 2455, 172),
(579, 'Kayak Single Sit-On-Top', 'Sports Outdoor & Travel', 2312, 162),
(580, 'Memory Foam Mattress', 'Home & Living', 2698, 189),
(581, 'Electric Bike Mountain', 'Sports Outdoor & Travel', 4533, 317),
(582, 'LED Flashlight Rechargeable', 'Technology & Electronics', 3888, 272),
(583, 'Memory Foam Mattress', 'Home & Living', 2952, 207),
(584, 'Bluetooth Sleep Headphones', 'Home & Living', 4609, 323),
(585, 'Slim Fit Jeans', 'Clothing & Fashion', 1331, 93),
(586, 'USB Hub 7 Ports', 'Technology & Electronics', 2252, 158),
(587, 'Yoga Pants Women', 'Clothing & Fashion', 258, 18),
(588, 'Sunglasses Polarized', 'Clothing & Fashion', 3168, 222),
(589, 'Beach Umbrella', 'Garden & Hardware', 2986, 209),
(590, 'Stainless Steel Knife Set', 'Home & Living', 1494, 105),
(591, 'Kids Tablet Android', 'Mother Baby & Kids', 4499, 315),
(592, 'Luggage Set 3pcs', 'Clothing & Fashion', 2733, 191),
(593, 'Rice Cooker', 'Home & Living', 2271, 159),
(594, 'Adjustable High Chair', 'Mother Baby & Kids', 1756, 123),
(595, 'Toddler Building Blocks', 'Mother Baby & Kids', 3594, 252),
(596, 'Nonstick Cookware Set', 'Home & Living', 658, 46),
(597, 'Nonstick Cookware Set', 'Home & Living', 1372, 96),
(598, 'Powerbank 20000mAh', 'Technology & Electronics', 1574, 110),
(599, 'Children\'s Story Book Set', 'Mother Baby & Kids', 4694, 329),
(600, 'Smartwatch', 'Technology & Electronics', 3368, 236),
(601, 'Plant Watering System', 'Garden & Hardware', 247, 17),
(602, 'Educational Flash Cards', 'Mother Baby & Kids', 607, 42),
(603, 'Smart Bike Helmet', 'Sports Outdoor & Travel', 4871, 341),
(604, 'Electric Griddle', 'Home & Living', 3907, 273),
(605, 'Smartwatch', 'Technology & Electronics', 4441, 311),
(606, 'Cordless Leaf Blower', 'Garden & Hardware', 4059, 284),
(607, 'Electric Kettle', 'Home & Living', 2208, 155),
(608, 'Surfboard Beginner', 'Sports Outdoor & Travel', 3044, 213),
(609, 'Silicone Baking Mats', 'Home & Living', 3383, 237),
(610, 'Insulated Water Bottle', 'Sports Outdoor & Travel', 803, 56),
(611, 'Slim Fit Jeans', 'Clothing & Fashion', 2316, 162),
(612, 'Formal Dress Shirt', 'Clothing & Fashion', 2109, 148),
(613, 'Mechanical Keyboard', 'Technology & Electronics', 2677, 187),
(614, 'Roof Cargo Box', 'Automotive Accessories', 2875, 201),
(615, 'Smart Bike Helmet', 'Sports Outdoor & Travel', 1452, 102),
(616, 'Inflatable Pool', 'Garden & Hardware', 2574, 180),
(617, 'Wireless Bluetooth Speaker', 'Technology & Electronics', 131, 9),
(618, 'Waterproof Bluetooth Speaker', 'Technology & Electronics', 3862, 270),
(619, 'Denim Jacket Unisex', 'Clothing & Fashion', 2636, 185),
(620, 'Smart Doorbell', 'Home & Living', 2461, 172),
(621, 'Roof Cargo Box', 'Automotive Accessories', 4372, 306),
(622, 'Educational Coding Kit', 'Mother Baby & Kids', 920, 64),
(623, 'Multi-Tool Pocket Knife', 'Sports Outdoor & Travel', 4997, 350),
(624, 'Microwave Oven', 'Home & Living', 3728, 261),
(625, 'Dish Drying Rack', 'Home & Living', 2143, 150),
(626, 'USB Desk Fan', 'Home & Living', 3068, 215),
(627, 'Home Security Camera', 'Technology & Electronics', 2960, 207),
(628, 'Puzzle 1000 Pieces', 'Mother Baby & Kids', 3669, 257),
(629, 'Stainless Steel Knife Set', 'Home & Living', 2273, 159),
(630, 'Outdoor Camping Tent', 'Sports Outdoor & Travel', 159, 11),
(631, 'Board Game Strategy', 'Mother Baby & Kids', 4682, 328),
(632, 'Wireless Earbuds', 'Technology & Electronics', 896, 63),
(633, 'LED String Lights', 'Home & Living', 2617, 183),
(634, 'Fitness Shorts Men', 'Clothing & Fashion', 2735, 191),
(635, 'Yoga Pants Women', 'Clothing & Fashion', 854, 60),
(636, 'Waterproof Bluetooth Speaker', 'Technology & Electronics', 3164, 221),
(637, 'Smart Doorbell', 'Home & Living', 2635, 184),
(638, 'Juicer Extractor', 'Home & Living', 4003, 280),
(639, 'Air Fryer XL', 'Home & Living', 4447, 311),
(640, 'Smart Bike Helmet', 'Sports Outdoor & Travel', 4934, 345),
(641, 'Ceramic Space Heater', 'Home & Living', 4252, 298),
(642, 'Surfboard Beginner', 'Sports Outdoor & Travel', 3364, 235),
(643, 'Travel Duffel Bag', 'Clothing & Fashion', 4189, 293),
(644, 'Insulated Water Bottle', 'Sports Outdoor & Travel', 441, 31),
(645, 'Camping Cookware Set', 'Sports Outdoor & Travel', 321, 22),
(646, 'Cordless Hair Clipper', 'Home & Living', 3506, 245),
(647, 'Bluetooth Car Adapter', 'Automotive Accessories', 3435, 240),
(648, 'Dish Drying Rack', 'Home & Living', 2047, 143),
(649, 'Picnic Blanket Waterproof', 'Sports Outdoor & Travel', 1238, 87),
(650, 'Car Phone Mount', 'Automotive Accessories', 863, 60),
(651, 'Silicone Baking Mats', 'Home & Living', 2062, 144),
(652, 'Portable Car Battery Charger', 'Automotive Accessories', 536, 38),
(653, 'Smart Thermostat', 'Home & Living', 2178, 152),
(654, 'LED Desk Lamp', 'Home & Living', 4746, 332),
(655, '4K UHD Monitor', 'Technology & Electronics', 880, 62),
(656, 'HDMI Cable 2M', 'Technology & Electronics', 1268, 89),
(657, 'Indoor Plant Stand', 'Garden & Hardware', 1091, 76),
(658, 'Portable SSD 1TB', 'Technology & Electronics', 1018, 71),
(659, 'Waterproof Hiking Boots', 'Clothing & Fashion', 3313, 232),
(660, 'LED String Lights', 'Home & Living', 1661, 116),
(661, 'Tactical Flashlight', 'Sports Outdoor & Travel', 2943, 206),
(662, 'Slim Fit Jeans', 'Clothing & Fashion', 2185, 153),
(663, 'Ceramic Space Heater', 'Home & Living', 4732, 331),
(664, 'Rice Cooker', 'Home & Living', 3556, 249),
(665, 'Memory Foam Mattress', 'Home & Living', 2210, 155),
(666, 'Smart Bike Helmet', 'Sports Outdoor & Travel', 372, 26),
(667, 'Kids Water Toys', 'Mother Baby & Kids', 2700, 189),
(668, 'Smart Bike Helmet', 'Sports Outdoor & Travel', 4804, 336),
(669, 'Yoga Pants Women', 'Clothing & Fashion', 863, 60),
(670, 'Fitness Tracker Band', 'Sports Outdoor & Travel', 3543, 248),
(671, 'Knit Beanie Hat', 'Clothing & Fashion', 1155, 81),
(672, 'Wool Scarf', 'Clothing & Fashion', 3909, 274),
(673, 'Portable Projector', 'Technology & Electronics', 1283, 90),
(674, 'Bamboo Cutting Board', 'Home & Living', 3466, 243),
(675, 'Memory Foam Pillow', 'Home & Living', 2502, 175),
(676, 'Kids Water Toys', 'Mother Baby & Kids', 2861, 200),
(677, 'Kayak Single Sit-On-Top', 'Sports Outdoor & Travel', 1895, 133),
(678, 'Cordless Hair Clipper', 'Home & Living', 4504, 315),
(679, 'Kids Tablet Android', 'Mother Baby & Kids', 3077, 215),
(680, 'Foam Roller Set', 'Sports Outdoor & Travel', 788, 55),
(681, 'Tactical Flashlight', 'Sports Outdoor & Travel', 3080, 216),
(682, 'Microwave Oven', 'Home & Living', 2267, 159),
(683, 'Swim Goggles Anti-Fog', 'Sports Outdoor & Travel', 909, 64),
(684, 'Hiking Trekking Poles', 'Sports Outdoor & Travel', 3940, 276),
(685, 'Wireless Gaming Controller', 'Technology & Electronics', 2277, 159),
(686, 'Smart TV 55 Inch', 'Technology & Electronics', 3013, 211),
(687, 'Gaming Mouse', 'Technology & Electronics', 4998, 350),
(688, 'Memory Foam Mattress', 'Home & Living', 4279, 300),
(689, 'Garden Hose Reel', 'Garden & Hardware', 344, 24),
(690, 'Wireless Charging Pad', 'Technology & Electronics', 4945, 346),
(691, 'HDMI Cable 2M', 'Technology & Electronics', 536, 38),
(692, 'Smartwatch', 'Technology & Electronics', 948, 66),
(693, 'BBQ Grill Gas', 'Garden & Hardware', 3498, 245),
(694, 'Noise Cancelling Headphones', 'Technology & Electronics', 3924, 275),
(695, 'Hiking Trekking Poles', 'Sports Outdoor & Travel', 2599, 182),
(696, '4K UHD Monitor', 'Technology & Electronics', 1815, 127),
(697, 'Digital DSLR Camera', 'Technology & Electronics', 4542, 318),
(698, 'Roof Cargo Box', 'Automotive Accessories', 4929, 345),
(699, 'Memory Foam Mattress', 'Home & Living', 3421, 239),
(700, 'Portable SSD 1TB', 'Technology & Electronics', 947, 66),
(701, 'Waterproof Hiking Boots', 'Clothing & Fashion', 3329, 233),
(702, 'Ceramic Vase Pottery', 'Home & Living', 3706, 259),
(703, 'Ceramic Vase Pottery', 'Home & Living', 3868, 271),
(704, 'Laptop Backpack', 'Clothing & Fashion', 3883, 272),
(705, 'Memory Foam Pillow', 'Home & Living', 1765, 124),
(706, 'Electric Toothbrush', 'Home & Living', 1085, 76),
(707, 'Outdoor Sunglasses', 'Clothing & Fashion', 577, 40),
(708, 'Luggage Set 3pcs', 'Clothing & Fashion', 4394, 308),
(709, 'HD Web Camera', 'Technology & Electronics', 512, 36),
(710, 'Insulated Water Bottle', 'Sports Outdoor & Travel', 3297, 231),
(711, 'Decorative Wall Art', 'Home & Living', 4235, 296),
(712, 'Men Running Shoes', 'Clothing & Fashion', 4925, 345),
(713, 'Smart Thermostat', 'Home & Living', 2004, 140),
(714, 'Portable Projector', 'Technology & Electronics', 4338, 304),
(715, 'Adjustable High Chair', 'Mother Baby & Kids', 3022, 212),
(716, 'Hiking Backpack', 'Sports Outdoor & Travel', 2151, 151),
(717, 'Cordless Leaf Blower', 'Garden & Hardware', 1814, 127),
(718, 'USB-C Fast Charger', 'Technology & Electronics', 261, 18),
(719, 'Nonstick Cookware Set', 'Home & Living', 795, 56),
(720, 'Casual Hooded Sweatshirt', 'Clothing & Fashion', 1170, 82),
(721, 'Dish Drying Rack', 'Home & Living', 2485, 174),
(722, 'Hand Mixer', 'Home & Living', 2446, 171),
(723, 'Educational Flash Cards', 'Mother Baby & Kids', 2829, 198),
(724, 'BBQ Grill Gas', 'Garden & Hardware', 4965, 348),
(725, 'Fitness Shorts Men', 'Clothing & Fashion', 3020, 211),
(726, 'Wireless Gaming Controller', 'Technology & Electronics', 4018, 281),
(727, 'Roof Cargo Box', 'Automotive Accessories', 2269, 159),
(728, 'Denim Jacket Unisex', 'Clothing & Fashion', 3434, 240),
(729, 'Juicer Extractor', 'Home & Living', 2887, 202),
(730, 'Hiking Trekking Poles', 'Sports Outdoor & Travel', 249, 17),
(731, 'Leather Belt', 'Clothing & Fashion', 1172, 82),
(732, 'Smart Thermostat', 'Home & Living', 1242, 87),
(733, 'Plush Teddy Bear', 'Mother Baby & Kids', 1888, 132),
(734, 'Foldable Drone', 'Technology & Electronics', 929, 65),
(735, 'Smart Doorbell', 'Home & Living', 2531, 177),
(736, 'Leather Belt', 'Clothing & Fashion', 4646, 325),
(737, 'Nonstick Cookware Set', 'Home & Living', 3184, 223),
(738, 'Laptop Backpack', 'Clothing & Fashion', 2300, 161),
(739, 'Baseball Cap', 'Clothing & Fashion', 4322, 303),
(740, 'Smart Lock Keypad', 'Home & Living', 210, 15),
(741, 'Smart TV 55 Inch', 'Technology & Electronics', 951, 67),
(742, 'Solar Power Bank', 'Technology & Electronics', 139, 10),
(743, 'Bluetooth FM Transmitter', 'Automotive Accessories', 3521, 246),
(744, 'Slow Cooker', 'Home & Living', 3727, 261),
(745, 'Smart Doorbell', 'Home & Living', 3017, 211),
(746, 'Portable SSD 1TB', 'Technology & Electronics', 3281, 230),
(747, 'Indoor Plant Stand', 'Garden & Hardware', 4785, 335),
(748, 'Foam Roller Set', 'Sports Outdoor & Travel', 224, 16),
(749, 'Electric Scooter', 'Sports Outdoor & Travel', 3636, 255),
(750, 'Leather Belt', 'Clothing & Fashion', 1365, 96),
(751, 'Camping Cookware Set', 'Sports Outdoor & Travel', 4339, 304),
(752, 'Inflatable Air Mattress', 'Sports Outdoor & Travel', 1059, 74),
(753, 'Hiking Trekking Poles', 'Sports Outdoor & Travel', 1191, 83),
(754, 'Air Purifier', 'Home & Living', 3362, 235),
(755, 'Electric Kettle', 'Home & Living', 1000, 70),
(756, 'Noise Isolating Earphones', 'Sports Outdoor & Travel', 976, 68),
(757, 'Digital DSLR Camera', 'Technology & Electronics', 3851, 270),
(758, 'Espresso Coffee Machine', 'Home & Living', 125, 9),
(759, 'Foldable Drone', 'Technology & Electronics', 4011, 281),
(760, 'Baby Stroller Foldable', 'Mother Baby & Kids', 1120, 78),
(761, 'Hiking Backpack', 'Sports Outdoor & Travel', 3273, 229),
(762, 'Casual Hooded Sweatshirt', 'Clothing & Fashion', 2583, 181),
(763, 'Snorkeling Set Full', 'Sports Outdoor & Travel', 897, 63),
(764, 'Fitness Tracker Band', 'Technology & Electronics', 4363, 305),
(765, 'Hand Mixer', 'Home & Living', 3144, 220),
(766, 'Fitness Tracker Band', 'Technology & Electronics', 2571, 180),
(767, 'Yoga Mat Non Slip', 'Sports Outdoor & Travel', 931, 65),
(768, 'Camping Sleeping Bag', 'Sports Outdoor & Travel', 537, 38),
(769, 'Dash Mount Phone Holder', 'Automotive Accessories', 2208, 155),
(770, 'Adjustable High Chair', 'Mother Baby & Kids', 1187, 83),
(771, 'Pool Floats Set', 'Garden & Hardware', 284, 20),
(772, 'Smart TV 55 Inch', 'Technology & Electronics', 1202, 84),
(773, 'Gaming Mouse', 'Technology & Electronics', 684, 48),
(774, 'Gaming Chair', 'Home & Living', 3449, 241),
(775, 'Educational Coding Kit', 'Mother Baby & Kids', 1488, 104),
(776, 'Girls Fashion Sneakers', 'Clothing & Fashion', 4621, 323),
(777, 'Home Security Camera', 'Technology & Electronics', 2077, 145),
(778, 'Portable Car Battery Charger', 'Automotive Accessories', 1980, 139),
(779, 'Electric Pressure Washer', 'Garden & Hardware', 4079, 286),
(780, 'Air Fryer XL', 'Home & Living', 1626, 114),
(781, 'Waterproof Bluetooth Speaker', 'Technology & Electronics', 4020, 281),
(782, 'HDMI Cable 2M', 'Technology & Electronics', 3617, 253),
(783, 'Waterproof Bluetooth Speaker', 'Technology & Electronics', 3157, 221),
(784, 'Car Jump Starter', 'Automotive Accessories', 2280, 160),
(785, 'Gaming Mouse', 'Technology & Electronics', 4131, 289),
(786, 'Gaming Chair', 'Home & Living', 3212, 225),
(787, 'Robot Vacuum Cleaner', 'Home & Living', 3818, 267),
(788, 'Dash Mount Phone Holder', 'Automotive Accessories', 3712, 260),
(789, 'Electric Kettle', 'Home & Living', 2955, 207),
(790, 'Adjustable Dumbbells', 'Sports Outdoor & Travel', 552, 39),
(791, 'Smart Lock Keypad', 'Home & Living', 875, 61),
(792, 'Electric Scooter', 'Sports Outdoor & Travel', 2900, 203),
(793, 'Smartphone Screen Protector', 'Technology & Electronics', 2833, 198),
(794, 'Electric Griddle', 'Home & Living', 2381, 167),
(795, 'Rechargeable Hand Warmer', 'Sports Outdoor & Travel', 3812, 267),
(796, 'Bluetooth FM Transmitter', 'Automotive Accessories', 2236, 157),
(797, 'Tire Pressure Gauge', 'Automotive Accessories', 1655, 116),
(798, 'Adjustable High Chair', 'Mother Baby & Kids', 1456, 102),
(799, 'Smart Lock Keypad', 'Home & Living', 906, 63),
(800, 'Portable Car Battery Charger', 'Automotive Accessories', 289, 20),
(801, 'Wireless Bluetooth Speaker', 'Technology & Electronics', 3560, 249),
(802, 'Girls Fashion Sneakers', 'Clothing & Fashion', 565, 40),
(803, 'Wool Scarf', 'Clothing & Fashion', 3071, 215),
(804, 'Hiking Trekking Poles', 'Sports Outdoor & Travel', 4699, 329),
(805, 'Cordless Leaf Blower', 'Garden & Hardware', 3488, 244),
(806, 'Kids Ride-On Toy', 'Mother Baby & Kids', 4538, 318),
(807, 'Fitness Tracker Band', 'Sports Outdoor & Travel', 631, 44),
(808, 'Slim Fit Jeans', 'Clothing & Fashion', 1823, 128),
(809, 'Juicer Extractor', 'Home & Living', 4388, 307),
(810, 'Travel Duffel Bag', 'Clothing & Fashion', 3160, 221),
(811, 'Smart Doorbell', 'Home & Living', 4294, 301),
(812, 'Children\'s Story Book Set', 'Mother Baby & Kids', 1028, 72),
(813, 'Waterproof Hiking Boots', 'Sports Outdoor & Travel', 4564, 319),
(814, 'Tennis Racket Graphite', 'Sports Outdoor & Travel', 708, 50),
(815, 'HD Web Camera', 'Technology & Electronics', 3822, 268),
(816, 'Tablet Keyboard Case', 'Technology & Electronics', 2795, 196),
(817, 'Picnic Blanket Waterproof', 'Sports Outdoor & Travel', 4488, 314),
(818, 'Espresso Coffee Machine', 'Home & Living', 707, 49),
(819, 'Noise Isolating Earphones', 'Technology & Electronics', 3589, 251),
(820, 'Outdoor Sunglasses', 'Clothing & Fashion', 1541, 108),
(821, 'Ceramic Space Heater', 'Home & Living', 4773, 334),
(822, 'Puzzle 1000 Pieces', 'Home & Living', 4768, 334);
INSERT INTO `products` (`productid`, `product_name`, `category`, `unitprice`, `cost`) VALUES
(823, 'Travel Duffel Bag', 'Clothing & Fashion', 2432, 170),
(824, 'Electric Scooter', 'Sports Outdoor & Travel', 3068, 215),
(825, 'Digital DSLR Camera', 'Technology & Electronics', 3041, 213),
(826, 'Espresso Coffee Machine', 'Home & Living', 2011, 141),
(827, 'Blender Professional', 'Home & Living', 4935, 345),
(828, 'Juicer Extractor', 'Home & Living', 1088, 76),
(829, 'USB Hub 7 Ports', 'Technology & Electronics', 3045, 213),
(830, 'Trail Running Shoes', 'Clothing & Fashion', 3296, 231),
(831, 'Fitness Shorts Men', 'Clothing & Fashion', 2410, 169),
(832, 'Smart TV 55 Inch', 'Technology & Electronics', 2177, 152),
(833, 'Cast Iron Skillet', 'Home & Living', 1991, 139),
(834, 'Kids Water Toys', 'Mother Baby & Kids', 1190, 83),
(835, 'Insulated Water Bottle', 'Sports Outdoor & Travel', 4627, 324),
(836, 'Wool Scarf', 'Clothing & Fashion', 323, 23),
(837, 'Travel Duffel Bag', 'Clothing & Fashion', 3031, 212),
(838, 'Robot Vacuum Cleaner', 'Home & Living', 4297, 301),
(839, 'Picnic Blanket Waterproof', 'Sports Outdoor & Travel', 1808, 127),
(840, 'Convertible Car Seat', 'Mother Baby & Kids', 2905, 203),
(841, 'Blender Professional', 'Home & Living', 2732, 191),
(842, 'Electric Griddle', 'Home & Living', 1532, 107),
(843, 'Indoor Plant Stand', 'Garden & Hardware', 1235, 86),
(844, 'Baseball Cap', 'Clothing & Fashion', 478, 33),
(845, '4K UHD Monitor', 'Technology & Electronics', 3977, 278),
(846, '4K UHD Monitor', 'Technology & Electronics', 2138, 150),
(847, 'Trail Running Shoes', 'Clothing & Fashion', 4441, 311),
(848, 'Foldable Drone', 'Technology & Electronics', 4024, 282),
(849, 'Fitness Tracker Band', 'Sports Outdoor & Travel', 1048, 73),
(850, 'USB Hub 7 Ports', 'Technology & Electronics', 4526, 317),
(851, 'Portable SSD 1TB', 'Technology & Electronics', 2017, 141),
(852, 'Surfboard Beginner', 'Sports Outdoor & Travel', 3462, 242),
(853, 'Bluetooth Car Adapter', 'Automotive Accessories', 1001, 70),
(854, 'Wireless Earbuds', 'Technology & Electronics', 4397, 308),
(855, 'Dash Mount Phone Holder', 'Automotive Accessories', 134, 9),
(856, 'Organic Cotton Sheets', 'Home & Living', 2811, 197),
(857, 'Laptop Stand', 'Technology & Electronics', 2845, 199),
(858, 'Dish Drying Rack', 'Home & Living', 1884, 132),
(859, 'Inflatable Air Mattress', 'Sports Outdoor & Travel', 2224, 156),
(860, 'Wireless Earbuds', 'Technology & Electronics', 1414, 99),
(861, 'Car Phone Mount', 'Automotive Accessories', 3643, 255),
(862, 'Refrigerator Water Dispenser', 'Home & Living', 2752, 193),
(863, 'Fitness Shorts Men', 'Clothing & Fashion', 4410, 309),
(864, 'Air Purifier', 'Home & Living', 3575, 250),
(865, 'Portable SSD 1TB', 'Technology & Electronics', 3548, 248),
(866, 'Refrigerator Water Dispenser', 'Home & Living', 3655, 256),
(867, 'Gaming Mouse', 'Technology & Electronics', 4845, 339),
(868, 'Plush Teddy Bear', 'Mother Baby & Kids', 1922, 135),
(869, 'Organic Cotton Sheets', 'Home & Living', 780, 55),
(870, 'Stainless Steel Knife Set', 'Home & Living', 2896, 203),
(871, 'Slow Cooker', 'Home & Living', 897, 63),
(872, 'Trail Running Shoes', 'Clothing & Fashion', 697, 49),
(873, 'Hammock Swing Chair', 'Garden & Hardware', 1219, 85),
(874, 'Blender Professional', 'Home & Living', 137, 10),
(875, 'Snorkeling Set Full', 'Sports Outdoor & Travel', 4327, 303),
(876, 'Robot Vacuum Cleaner', 'Home & Living', 598, 42),
(877, 'Electric Kettle', 'Home & Living', 1431, 100),
(878, 'Sunglasses Polarized', 'Clothing & Fashion', 3852, 270),
(879, 'Kids Ride-On Toy', 'Mother Baby & Kids', 3859, 270),
(880, 'Golf Training Net', 'Sports Outdoor & Travel', 3158, 221),
(881, 'Cast Iron Skillet', 'Home & Living', 4845, 339),
(882, 'Microwave Oven', 'Home & Living', 1966, 138),
(883, 'Air Purifier', 'Home & Living', 1490, 104),
(884, 'Camping Sleeping Bag', 'Sports Outdoor & Travel', 2295, 161),
(885, 'Camping Sleeping Bag', 'Sports Outdoor & Travel', 711, 50),
(886, 'Swim Goggles Anti-Fog', 'Sports Outdoor & Travel', 2176, 152),
(887, 'Car Vacuum Cleaner', 'Automotive Accessories', 510, 36),
(888, 'Robot Vacuum Cleaner', 'Home & Living', 4177, 292),
(889, 'Beach Umbrella', 'Garden & Hardware', 3293, 231),
(890, 'Wool Scarf', 'Clothing & Fashion', 3093, 217),
(891, 'Swim Goggles Anti-Fog', 'Sports Outdoor & Travel', 1941, 136),
(892, 'BBQ Grill Gas', 'Garden & Hardware', 4004, 280),
(893, 'Yoga Mat Non Slip', 'Sports Outdoor & Travel', 414, 29),
(894, 'Portable SSD 1TB', 'Technology & Electronics', 2813, 197),
(895, 'Foldable Drone', 'Technology & Electronics', 1634, 114),
(896, 'Smart Lock Keypad', 'Home & Living', 3508, 246),
(897, 'Action Camera 4K', 'Technology & Electronics', 2094, 147),
(898, 'Blender Professional', 'Home & Living', 2246, 157),
(899, 'Hiking Trekking Poles', 'Sports Outdoor & Travel', 2396, 168),
(900, 'Bamboo Cutting Board', 'Home & Living', 2065, 145),
(901, 'Car Phone Mount', 'Automotive Accessories', 320, 22),
(902, 'Ceramic Space Heater', 'Home & Living', 1539, 108),
(903, 'Picnic Blanket Waterproof', 'Sports Outdoor & Travel', 873, 61),
(904, 'Gaming Chair', 'Home & Living', 1921, 134),
(905, 'Yoga Mat Non Slip', 'Sports Outdoor & Travel', 275, 19),
(906, 'Bamboo Cutting Board', 'Home & Living', 2049, 143),
(907, 'Plush Teddy Bear', 'Mother Baby & Kids', 4948, 346),
(908, 'Foldable Drone', 'Technology & Electronics', 3807, 266),
(909, 'Roof Cargo Box', 'Automotive Accessories', 3815, 267),
(910, 'Kids Water Toys', 'Mother Baby & Kids', 1250, 88),
(911, 'Hammock Swing Chair', 'Garden & Hardware', 2134, 149),
(912, 'Bluetooth Car Adapter', 'Automotive Accessories', 3573, 250),
(913, 'HD Web Camera', 'Technology & Electronics', 455, 32),
(914, 'Formal Dress Shirt', 'Clothing & Fashion', 4987, 349),
(915, 'Laptop Stand', 'Technology & Electronics', 3645, 255),
(916, 'Fitness Tracker Band', 'Sports Outdoor & Travel', 3096, 217),
(917, 'Noise Cancelling Headphones', 'Technology & Electronics', 2617, 183),
(918, 'Stainless Steel Knife Set', 'Home & Living', 4245, 297),
(919, 'Kayak Single Sit-On-Top', 'Sports Outdoor & Travel', 3426, 240),
(920, 'Wool Scarf', 'Clothing & Fashion', 1999, 140),
(921, 'Digital DSLR Camera', 'Technology & Electronics', 288, 20),
(922, 'Sport Socks Pack', 'Clothing & Fashion', 2284, 160),
(923, 'Scented Soy Candles', 'Home & Living', 2107, 147),
(924, 'Wireless Gaming Controller', 'Technology & Electronics', 4121, 288),
(925, 'Luggage Set 3pcs', 'Clothing & Fashion', 3288, 230),
(926, 'Formal Dress Shirt', 'Clothing & Fashion', 361, 25),
(927, 'Electric Kettle', 'Home & Living', 1945, 136),
(928, 'Stainless Steel Knife Set', 'Home & Living', 4618, 323),
(929, 'Dash Cam Full HD', 'Automotive Accessories', 1258, 88),
(930, 'LED String Lights', 'Home & Living', 4814, 337),
(931, 'Tennis Racket Graphite', 'Sports Outdoor & Travel', 4015, 281),
(932, 'Inflatable Air Mattress', 'Sports Outdoor & Travel', 4225, 296),
(933, 'Gaming Chair', 'Home & Living', 436, 31),
(934, 'Home Security Camera', 'Technology & Electronics', 4186, 293),
(935, 'Electric Bike Mountain', 'Sports Outdoor & Travel', 3932, 275),
(936, 'Wireless Gaming Controller', 'Technology & Electronics', 2710, 190),
(937, 'Fitness Shorts Men', 'Clothing & Fashion', 2513, 176),
(938, 'Dish Drying Rack', 'Home & Living', 4417, 309),
(939, 'HD Web Camera', 'Technology & Electronics', 659, 46),
(940, 'Casual Hooded Sweatshirt', 'Clothing & Fashion', 4224, 296),
(941, 'Electric Kettle', 'Home & Living', 612, 43),
(942, 'Baby Monitor Video', 'Mother Baby & Kids', 728, 51),
(943, 'Electric Scooter', 'Sports Outdoor & Travel', 3070, 215),
(944, 'VR Headset', 'Technology & Electronics', 2630, 184),
(945, 'LED String Lights', 'Home & Living', 3067, 215),
(946, 'Juicer Extractor', 'Home & Living', 1449, 101),
(947, 'Tire Pressure Gauge', 'Automotive Accessories', 2334, 163),
(948, 'Adjustable High Chair', 'Mother Baby & Kids', 4658, 326),
(949, 'Home Security Camera', 'Technology & Electronics', 4007, 280),
(950, 'Golf Training Net', 'Sports Outdoor & Travel', 1231, 86),
(951, 'Beach Umbrella', 'Sports Outdoor & Travel', 4769, 334),
(952, 'Convertible Car Seat', 'Mother Baby & Kids', 695, 49),
(953, 'Rechargeable Hand Warmer', 'Sports Outdoor & Travel', 3516, 246),
(954, 'Casual Hooded Sweatshirt', 'Clothing & Fashion', 657, 46),
(955, 'Toddler Building Blocks', 'Mother Baby & Kids', 3459, 242),
(956, 'LED Flashlight Rechargeable', 'Technology & Electronics', 1816, 127),
(957, 'Snorkeling Set Full', 'Sports Outdoor & Travel', 4858, 340),
(958, 'Car Air Purifier', 'Automotive Accessories', 1201, 84),
(959, 'Surfboard Beginner', 'Sports Outdoor & Travel', 2812, 197),
(960, 'Bluetooth Sleep Headphones', 'Home & Living', 4966, 348),
(961, 'Baseball Cap', 'Clothing & Fashion', 3576, 250),
(962, 'Multi-Tool Pocket Knife', 'Sports Outdoor & Travel', 3904, 273),
(963, 'Slow Cooker', 'Home & Living', 3345, 234),
(964, 'Survival Gear Kit', 'Sports Outdoor & Travel', 2952, 207),
(965, 'Blender Professional', 'Home & Living', 4368, 306),
(966, 'HDMI Cable 2M', 'Technology & Electronics', 408, 29),
(967, 'Dash Cam Full HD', 'Automotive Accessories', 2667, 187),
(968, 'Tactical Flashlight', 'Sports Outdoor & Travel', 4318, 302),
(969, 'Outdoor Sunglasses', 'Clothing & Fashion', 953, 67),
(970, 'Electric Pressure Washer', 'Garden & Hardware', 4465, 313),
(971, 'Wireless Gaming Controller', 'Technology & Electronics', 3067, 215),
(972, 'Decorative Wall Art', 'Home & Living', 4081, 286),
(973, 'Leather Belt', 'Clothing & Fashion', 3093, 217),
(974, 'Trail Running Shoes', 'Clothing & Fashion', 3328, 233),
(975, 'Kids Ride-On Toy', 'Mother Baby & Kids', 2987, 209),
(976, 'Smart Light Bulb', 'Home & Living', 1355, 95),
(977, 'USB-C Fast Charger', 'Technology & Electronics', 105, 7),
(978, 'Portable SSD 1TB', 'Technology & Electronics', 1783, 125),
(979, 'USB Hub 7 Ports', 'Technology & Electronics', 4447, 311),
(980, 'Slow Cooker', 'Home & Living', 3255, 228),
(981, 'Yoga Pants Women', 'Clothing & Fashion', 3995, 280),
(982, 'Gaming Chair', 'Home & Living', 1924, 135),
(983, 'Kids Tablet Android', 'Mother Baby & Kids', 288, 20),
(984, 'Microwave Oven', 'Home & Living', 945, 66),
(985, 'Air Purifier', 'Home & Living', 2772, 194),
(986, 'Lawn Mower Electric', 'Garden & Hardware', 4855, 340),
(987, 'Smart Thermostat', 'Home & Living', 3558, 249),
(988, 'Picnic Blanket Waterproof', 'Sports Outdoor & Travel', 4513, 316),
(989, 'Smart Lock Keypad', 'Home & Living', 2157, 151),
(990, 'Lawn Mower Electric', 'Garden & Hardware', 1388, 97),
(991, 'Noise Cancelling Headphones', 'Technology & Electronics', 4394, 308),
(992, 'Knit Beanie Hat', 'Clothing & Fashion', 731, 51),
(993, 'Luggage Set 3pcs', 'Clothing & Fashion', 729, 51),
(994, 'Blender Professional', 'Home & Living', 725, 51),
(995, 'Mechanical Keyboard', 'Technology & Electronics', 4476, 313),
(996, 'Mechanical Keyboard', 'Technology & Electronics', 2606, 182),
(997, 'Sunglasses Polarized', 'Clothing & Fashion', 2933, 205),
(998, 'Electric Scooter', 'Sports Outdoor & Travel', 4640, 325),
(999, 'Indoor Plant Stand', 'Garden & Hardware', 1548, 108),
(1000, 'Rechargeable Hand Warmer', 'Sports Outdoor & Travel', 4416, 309);
COMMIT;

/*!40101 SET CHARACTER_SET_CLIENT=@OLD_CHARACTER_SET_CLIENT */;
/*!40101 SET CHARACTER_SET_RESULTS=@OLD_CHARACTER_SET_RESULTS */;
/*!40101 SET COLLATION_CONNECTION=@OLD_COLLATION_CONNECTION */;
